day,start_creatures,food_spawned,survivors,died,end_creatures
1,1,1,1,0,1
2,2,2,0,2,0
1,1,1,0,1,0
1,1,1,0,1,0
1,1,1,0,1,0
1,1,1,0,1,0
1,1,1,0,1,0
1,1,1,0,1,0
1,1,1,0,1,0
1,1,1,0,1,0
1,1,1,0,1,0
1,1,1,0,1,0
1,1,1,1,0,1
2,2,2,0,2,0
1,1,1,0,1,0
1,1,1,0,1,0
1,1,1,0,1,0
1,1,1,0,1,0
1,1,1,0,1,0
1,1,1,0,1,0
1,1,1,0,1,0
1,1,1,0,1,0
1,1,1,0,1,0
1,1,1,0,1,0
1,1,1,0,1,0
1,1,1,0,1,0
1,1,1,0,1,0
1,1,1,0,1,0
1,1,1,0,1,0
1,1,1,0,1,0
1,1,1,0,1,0
1,1,1,0,1,0
1,1,1,0,1,0
1,1,1,0,1,0
1,1,1,0,1,0
1,1,1,0,1,0
1,1,1,0,1,0
1,1,1,0,1,0
1,1,1,0,1,0
1,1,1,0,1,0
1,1,1,0,1,0
1,1,1,0,1,0
1,1,1,0,1,0
1,1,1,0,1,0
1,1,1,1,0,1
2,2,2,1,1,1
3,2,2,0,2,0
1,1,1,0,1,0
1,1,1,0,1,0
1,1,1,0,1,0
1,1,1,0,1,0
1,1,1,0,1,0
1,1,1,0,1,0
1,1,1,0,1,0
1,1,1,0,1,0
1,1,1,1,0,1
2,2,2,1,1,1
1,1,1,0,1,0
1,1,1,1,0,1
2,2,2,1,1,1
3,2,2,1,1,1
4,2,2,1,1,1
5,2,2,1,1,1
6,2,2,1,1,1
7,2,2,0,2,0
1,1,1,1,0,1
2,2,2,2,0,2
3,4,3,2,2,2
4,4,3,2,2,2
5,4,3,3,1,3
6,6,4,3,3,3
7,6,4,4,2,4
8,8,6,5,3,5
9,10,7,6,4,6
10,12,8,8,4,8
11,16,11,11,5,11
12,22,15,15,7,15
13,30,20,20,10,20
1,1,1,0,1,0
1,1,1,1,0,1
2,2,2,2,0,2
3,4,4,3,1,3
4,6,6,4,2,4
5,8,8,6,2,6
6,12,12,10,2,10
7,20,20,18,2,18
8,36,36,35,1,35
9,70,70,67,3,67
10,134,134,124,0,124
1,1,1,0,1,0
1,1,1,1,0,1
2,2,2,1,1,1
3,2,2,1,1,1
4,2,2,1,1,1
5,2,2,0,2,0
1,1,1,0,1,0
1,1,1,0,1,0
1,1,1,0,1,0
1,1,1,0,1,0
1,1,1,0,1,0
1,1,1,1,0,1
2,2,2,1,1,1
3,2,2,1,1,1
4,2,2,1,1,1
5,2,2,2,0,2
6,4,4,3,1,3
7,6,6,5,1,5
8,10,10,8,2,8
9,16,16,14,2,14
10,28,28,25,3,25
11,50,50,48,2,48
12,96,96,93,3,93
13,186,186,182,4,182
14,364,364,353,11,353
15,706,706,691,15,691
16,1382,1382,738,0,738
1,1,1,0,0,0
1,1,1,0,1,0
1,1,1,1,0,1
1,1,1,1,0,1
2,2,2,1,1,1
3,2,2,1,1,1
4,2,2,2,0,2
5,4,4,2,2,2
6,4,4,3,1,3
7,6,6,5,1,5
8,10,10,8,2,8
9,16,16,14,2,14
10,28,28,26,2,26
11,52,52,0,0,0
1,1,1,0,1,0
1,1,1,0,1,0
1,1,1,0,1,0
1,1,1,1,0,1
2,2,2,1,1,1
3,2,2,1,1,1
4,2,2,1,1,1
5,2,2,0,2,0
1,1,1,0,1,0
1,1,1,0,1,0
1,1,1,1,0,1
2,2,2,0,2,0
1,1,1,1,0,1
2,2,2,1,1,1
3,2,2,1,1,1
4,2,2,1,1,1
5,2,2,0,2,0
1,1,1,0,1,0
1,1,1,0,1,0
1,1,1,0,1,0
1,1,1,0,1,0
1,1,1,0,1,0
1,1,1,1,0,1
2,2,2,1,1,1
3,2,2,1,1,1
4,2,2,0,2,0
1,1,1,0,1,0
1,1,1,0,1,0
1,1,1,0,1,0
1,1,1,0,1,0
1,1,1,0,1,0
1,1,1,0,1,0
1,1,1,1,0,1
2,2,2,0,2,0
1,1,1,1,0,1
2,2,2,1,1,1
3,2,2,1,1,1
4,2,2,2,0,2
5,4,4,3,1,3
6,6,6,4,2,4
7,8,8,7,1,7
8,14,14,12,2,12
9,24,24,21,0,21
1,1,1,0,1,0
1,1,1,1,0,1
1,1,1,1,0,1
1,1,1,0,1,0
1,1,1,0,1,0
1,1,1,0,1,0
1,1,1,1,0,1
1,1,1,1,0,1
1,1,1,0,1,0
1,1,1,1,0,1
1,1,1,1,0,1
1,1,1,0,1,0
1,1,1,0,1,0
1,1,1,0,1,0
1,1,1,0,1,0
1,1,1,0,1,0
1,1,1,0,1,0
1,1,1,0,1,0
1,1,1,1,0,1
1,1,1,0,1,0
1,1,1,0,1,0
1,1,1,1,0,1
1,1,1,0,1,0
1,1,1,0,1,0
1,1,1,1,0,1
1,1,1,1,0,1
1,1,1,0,1,0
1,1,1,0,1,0
1,1,1,1,0,1
1,1,1,0,1,0
1,1,1,0,1,0
1,1,1,0,1,0
1,1,1,0,1,0
1,1,1,0,1,0
1,1,1,0,1,0
1,1,1,0,1,0
1,1,1,0,1,0
1,1,1,0,1,0
1,1,1,0,1,0
1,1,1,0,1,0
1,1,1,0,1,0
1,1,1,0,1,0
1,1,1,0,1,0
1,1,1,1,0,1
2,2,2,1,1,1
3,2,2,1,1,1
4,2,2,1,1,1
5,2,2,1,1,1
6,2,2,0,2,0
1,1,1,0,1,0
1,1,1,0,1,0
1,1,1,0,1,0
1,1,1,0,1,0
1,1,1,0,1,0
1,1,1,0,1,0
1,1,1,0,1,0
1,1,1,0,1,0
1,1,1,0,1,0
1,1,1,0,1,0
1,1,1,0,1,0
1,1,1,0,1,0
1,1,1,0,1,0
1,1,1,1,0,1
2,2,2,0,2,0
1,1,1,0,1,0
1,1,1,0,1,0
1,1,1,0,1,0
1,1,1,0,1,0
1,1,1,0,1,0
1,1,1,0,1,0
1,1,1,0,1,0
1,1,1,0,1,0
1,1,1,0,1,0
1,1,1,1,0,1
2,2,2,1,1,1
3,2,2,0,2,0
1,1,1,0,1,0
1,1,1,0,1,0
1,1,1,0,1,0
1,1,1,0,1,0
1,1,1,1,0,1
2,2,2,0,2,0
1,1,1,0,1,0
1,1,1,1,0,1
2,2,2,0,2,0
1,1,1,0,1,0
1,1,1,0,1,0
1,1,1,0,1,0
1,1,1,0,1,0
1,1,1,0,1,0
1,1,1,0,1,0
1,1,1,0,1,0
1,1,1,0,1,0
1,1,1,0,1,0
1,1,1,0,1,0
1,1,1,1,0,1
2,2,2,0,2,0
1,1,1,0,1,0
1,1,1,0,1,0
1,1,1,0,1,0
1,1,1,1,0,1
2,2,2,0,2,0
1,1,1,1,0,1
2,2,2,0,2,0
1,1,1,0,1,0
1,1,1,0,1,0
1,1,1,0,1,0
1,1,1,0,1,0
1,1,1,0,1,0
1,1,1,0,1,0
1,1,1,0,1,0
1,1,1,1,0,1
2,2,2,1,1,1
1,1,1,1,0,1
1,1,1,0,1,0
1,1,1,0,1,0
1,1,1,0,1,0
1,1,1,0,1,0
1,1,1,0,1,0
1,1,1,0,1,0
1,1,1,0,1,0
1,1,1,1,0,1
1,1,1,0,1,0
1,1,1,0,1,0
1,1,1,0,1,0
1,1,1,1,0,1
1,1,1,0,1,0
1,1,1,0,1,0
1,1,1,0,1,0
1,1,1,0,1,0
1,1,1,0,1,0
1,1,1,0,1,0
1,1,1,0,1,0
1,1,2,0,1,0
1,1,2,1,0,1
1,1,2,0,1,0
1,1,2,0,1,0
1,1,2,1,0,1
1,1,2,0,1,0
1,1,2,0,1,0
1,1,2,0,1,0
1,1,2,0,1,0
1,1,2,0,1,0
1,1,2,0,1,0
1,1,2,0,1,0
1,1,2,0,1,0
1,1,2,0,1,0
1,1,2,0,1,0
1,1,2,1,0,1
1,1,2,1,0,1
1,1,2,0,1,0
1,1,2,1,0,1
1,1,2,1,0,1
1,1,2,1,0,1
1,1,2,0,1,0
1,1,2,0,1,0
1,1,2,0,1,0
1,1,2,1,0,1
1,1,2,0,1,0
1,1,1,1,0,1
1,1,1,0,1,0
1,1,1,0,1,0
1,1,1,0,1,0
1,1,1,1,0,1
1,1,1,1,0,1
1,1,1,1,0,1
1,1,1,1,0,1
1,1,1,0,1,0
1,1,1,0,1,0
1,1,1,0,1,0
1,1,1,0,1,0
1,1,1,0,1,0
1,1,1,0,1,0
1,1,1,0,1,0
1,1,1,0,1,0
1,1,1,0,1,0
1,1,1,0,1,0
1,1,1,0,1,0
1,1,1,0,1,0
1,1,1,1,0,1
1,1,1,0,1,0
1,1,1,0,1,0
1,1,1,1,0,1
1,1,1,0,1,0
1,1,1,0,1,0
1,1,1,0,1,0
1,1,1,1,0,1
1,1,1,1,0,1
1,1,1,0,1,0
1,1,1,0,1,0
1,1,1,0,1,0
1,1,1,0,1,0
1,1,1,1,0,1
2,2,2,1,1,1
3,2,2,1,1,1
4,2,2,1,1,1
5,2,2,0,2,0
1,1,1,0,1,0
1,1,1,0,1,0
1,1,1,0,1,0
1,1,1,0,1,0
1,1,1,1,0,1
2,2,2,1,1,1
3,2,2,0,2,0
1,1,1,0,1,0
1,1,1,1,0,1
2,2,2,1,1,1
3,2,2,1,1,1
4,2,2,1,1,1
5,2,2,2,0,2
6,4,4,3,1,3
7,6,6,2,4,2
8,4,4,3,1,3
9,6,6,5,1,5
10,10,10,8,2,8
11,16,16,13,3,13
12,26,26,19,7,19
13,38,38,32,6,32
14,64,64,56,0,56
1,1,1,0,1,0
1,1,1,0,1,0
1,1,1,1,0,1
1,1,1,0,1,0
1,1,1,0,1,0
1,1,1,1,0,1
1,1,1,0,1,0
1,1,1,0,1,0
1,1,1,0,1,0
1,1,2,0,1,0
1,1,2,0,1,0
1,1,2,1,0,1
1,1,2,0,1,0
1,1,2,1,0,1
1,1,2,0,1,0
1,1,2,1,0,1
1,1,2,1,0,1
1,1,2,1,0,1
1,1,2,0,1,0
1,1,2,1,0,1
1,1,2,1,0,1
1,1,2,1,0,1
1,1,2,1,0,1
1,1,2,0,1,0
1,1,2,1,0,1
1,1,2,1,0,1
1,1,2,0,1,0
1,1,2,0,1,0
1,1,2,0,1,0
1,3,4,3,0,3
1,3,4,2,1,2
1,3,4,3,0,3
1,3,4,2,1,2
1,3,4,2,1,2
1,3,4,2,1,2
1,3,4,2,1,2
1,3,4,2,1,2
1,3,4,2,1,2
1,3,4,3,0,3
1,3,4,3,0,3
1,3,4,2,1,2
1,3,4,1,2,1
1,3,4,2,0,2
1,3,4,1,0,1
1,3,4,2,0,2
1,3,4,2,0,2
1,3,4,2,1,2
1,3,4,3,0,3
1,3,4,1,2,1
1,3,4,3,0,3
1,3,4,2,1,2
1,3,4,2,1,2
1,3,4,2,1,2
1,3,4,1,2,1
1,3,4,2,1,2
1,3,4,2,1,2
1,3,4,1,2,1
1,3,4,1,2,1
1,3,4,3,0,3
1,3,4,2,1,2
1,3,4,2,1,2
1,3,4,3,0,3
1,3,4,2,1,2
1,3,4,2,1,2
1,3,4,3,0,3
1,3,4,2,1,2
1,3,4,3,0,3
1,3,4,2,1,2
1,3,4,1,2,1
1,2,2,1,1,1
2,2,2,2,0,2
3,4,4,4,0,4
4,8,8,5,3,5
5,10,10,8,2,8
6,16,16,15,1,15
7,30,30,25,5,25
8,50,50,12,38,12
1,2,2,1,1,1
2,2,2,2,0,2
3,4,4,2,2,2
4,4,4,2,2,2
5,4,4,2,2,2
6,4,4,3,1,3
7,6,6,3,3,3
8,6,6,3,3,3
9,6,6,4,2,4
10,8,8,6,2,6
11,12,12,11,1,11
12,22,22,18,4,18
13,36,36,31,5,31
14,62,62,57,5,57
15,114,114,102,12,102
1,3,4,3,0,3
2,3,4,1,2,1
3,1,2,0,1,0
1,3,4,1,2,1
2,1,2,0,1,0
1,3,4,2,1,2
2,2,3,1,1,1
3,1,2,0,1,0
1,3,4,2,1,2
2,2,3,1,1,1
3,1,2,0,1,0
1,3,4,2,1,2
2,2,3,2,0,2
3,2,3,2,0,2
4,2,3,1,1,1
5,1,2,0,1,0
1,3,4,2,1,2
2,2,3,2,0,2
3,2,3,1,1,1
4,1,2,1,0,1
5,1,2,0,1,0
1,3,4,1,2,1
2,1,2,0,1,0
1,3,4,2,1,2
2,2,3,1,1,1
3,1,2,1,0,1
4,1,2,0,1,0
1,3,4,2,1,2
2,2,3,1,1,1
3,1,2,1,0,1
4,1,2,0,1,0
1,3,4,2,1,2
2,2,3,1,1,1
3,1,2,0,1,0
1,3,4,2,1,2
2,2,3,1,1,1
3,1,2,1,0,1
4,1,2,0,1,0
1,3,4,2,1,2
2,2,3,1,1,1
3,1,2,1,0,1
4,1,2,0,1,0
1,3,4,1,2,1
2,1,2,0,1,0
1,3,4,2,1,2
2,2,3,1,1,1
3,1,2,1,0,1
4,1,2,1,0,1
5,1,2,1,0,1
6,1,2,1,0,1
7,1,2,1,0,1
8,1,2,0,1,0
1,3,4,3,0,3
2,3,4,3,0,3
3,3,4,2,1,2
4,2,3,1,1,1
5,1,2,0,1,0
1,3,4,1,2,1
2,1,2,1,0,1
3,1,2,1,0,1
4,1,2,1,0,1
5,1,2,0,1,0
1,3,4,2,1,2
2,2,3,1,1,1
3,1,2,1,0,1
4,1,2,1,0,1
5,1,2,0,1,0
1,3,4,3,0,3
2,3,4,2,1,2
3,2,3,1,1,1
4,1,2,1,0,1
5,1,2,1,0,1
6,1,2,1,0,1
7,1,2,0,1,0
1,3,4,2,1,2
2,2,3,1,1,1
3,1,2,0,1,0
1,3,4,2,1,2
2,2,3,2,0,2
3,2,3,1,1,1
4,1,2,1,0,1
5,1,2,1,0,1
6,1,2,0,1,0
1,3,4,3,0,3
2,3,4,2,1,2
1,3,4,3,0,3
2,3,4,2,1,2
3,2,3,1,1,1
4,1,2,1,0,1
5,1,2,1,0,1
6,1,2,1,0,1
7,1,2,0,1,0
1,3,4,3,0,3
2,3,4,2,1,2
3,2,3,0,2,0
1,3,4,3,0,3
2,3,4,3,0,3
3,3,4,2,1,2
4,2,3,2,0,2
5,2,3,0,2,0
1,3,4,2,1,2
2,2,3,1,1,1
3,1,2,0,1,0
1,3,4,2,1,2
2,2,3,1,1,1
3,1,2,1,0,1
4,1,2,1,0,1
5,1,2,0,1,0
1,3,4,2,1,2
2,2,3,1,1,1
3,1,2,1,0,1
4,1,2,1,0,1
5,1,2,1,0,1
6,1,2,0,1,0
1,3,4,2,1,2
2,2,3,2,0,2
3,2,3,1,1,1
4,1,2,1,0,1
5,1,2,1,0,1
6,1,2,0,1,0
1,3,4,2,1,2
2,2,3,1,1,1
3,1,2,1,0,1
4,1,2,0,1,0
1,3,4,1,2,1
2,1,2,0,1,0
1,3,4,2,1,2
2,2,3,1,1,1
3,1,2,0,1,0
1,3,4,3,0,3
2,3,4,1,2,1
3,1,2,1,0,1
4,1,2,1,0,1
5,1,2,1,0,1
6,1,2,1,0,1
7,1,2,0,1,0
1,3,4,2,1,2
2,2,3,1,1,1
3,1,2,0,1,0
1,2,2,1,1,1
2,2,2,2,0,2
3,4,4,3,1,3
4,6,6,4,2,4
5,8,8,6,2,6
6,12,12,11,1,11
7,22,2,2,20,2
8,4,4,1,3,1
9,2,2,1,1,1
10,2,2,1,1,1
11,2,2,2,0,2
12,4,4,2,2,2
13,4,4,3,1,3
14,6,6,3,3,3
15,6,6,5,1,5
16,10,10,10,0,10
17,20,20,18,2,18
18,36,3,3,33,3
19,6,6,4,2,4
20,8,8,7,1,7
1,2,2,1,1,1
2,2,2,1,1,1
3,2,2,1,1,1
4,2,2,1,1,1
5,2,2,1,1,1
6,2,2,0,2,0
1,2,2,0,2,0
1,2,2,1,1,1
2,2,2,2,0,2
3,4,4,3,1,3
4,6,6,5,1,5
5,10,10,9,1,9
6,18,18,15,3,15
7,30,3,3,27,3
8,6,6,5,1,5
9,10,10,8,2,8
10,16,16,12,4,12
11,24,2,2,22,2
12,4,4,3,1,3
1,2,2,1,1,1
2,2,2,1,1,1
3,2,2,1,1,1
4,2,2,1,1,1
5,2,2,1,1,1
6,2,2,1,1,1
7,2,2,2,0,2
8,4,4,1,3,1
9,2,2,0,2,0
1,2,2,1,1,1
2,2,2,1,1,1
3,2,2,2,0,2
4,4,4,3,1,3
5,6,6,4,2,4
6,8,8,7,1,7
7,14,14,11,3,11
8,22,2,2,20,2
9,4,4,3,1,3
10,6,6,4,2,4
11,8,8,7,1,7
12,14,14,12,2,12
13,24,2,2,22,2
14,4,4,3,1,3
15,6,6,4,2,4
16,8,8,6,2,6
17,12,12,9,3,9
18,18,18,14,4,14
19,28,2,2,26,2
20,4,4,1,3,1
1,3,4,3,0,3
2,3,4,2,1,2
3,2,3,1,1,1
4,1,2,1,0,1
5,1,2,1,0,1
6,1,2,1,0,1
7,1,2,1,0,1
8,1,2,1,0,1
9,1,2,1,0,1
10,1,2,0,1,0
1,3,4,2,1,2
2,2,3,2,0,2
3,2,3,1,1,1
4,1,2,1,0,1
5,1,2,0,1,0
1,3,4,1,2,1
2,1,2,0,1,0
1,3,4,2,1,2
2,2,3,2,0,2
3,2,3,1,1,1
4,1,2,1,0,1
5,1,2,0,1,0
1,3,4,1,2,1
2,1,2,0,1,0
1,2,2,1,1,1
2,2,2,1,1,1
3,2,2,1,1,1
4,2,2,0,2,0
1,2,2,0,2,0
1,2,2,1,1,1
2,2,2,0,2,0
1,2,2,1,1,1
2,2,2,0,2,0
1,2,2,1,1,1
2,2,2,0,2,0
1,2,2,1,1,1
2,2,2,2,0,2
3,4,4,3,1,3
4,6,6,4,2,4
5,8,8,6,2,6
6,12,12,10,2,10
7,20,20,16,4,16
1,3,4,2,1,2
2,2,3,1,1,1
3,1,2,0,1,0
1,3,4,2,1,2
2,2,3,1,1,1
3,1,2,1,0,1
4,1,2,0,1,0
1,3,4,2,1,2
2,2,3,2,0,2
3,2,3,1,1,1
4,1,2,1,0,1
5,1,2,0,1,0
1,3,4,3,0,3
2,3,4,3,0,3
3,3,4,2,1,2
4,2,3,2,0,2
5,2,3,2,0,2
6,2,3,1,1,1
7,1,2,0,1,0
1,3,4,2,1,2
2,2,3,0,2,0
1,3,4,2,1,2
2,2,3,2,0,2
3,2,3,1,1,1
4,1,2,1,0,1
5,1,2,1,0,1
6,1,2,1,0,1
7,1,2,1,0,1
8,1,2,0,1,0
1,2,20,2,0,2
2,4,20,4,0,4
3,8,20,6,2,6
4,12,20,10,2,10
5,20,20,16,4,16
6,32,20,20,12,20
7,40,20,20,20,20
8,40,20,19,21,19
9,38,20,20,18,20
10,40,20,19,21,19
11,38,20,19,19,19
12,38,20,20,18,20
13,40,20,20,20,20
14,40,20,19,21,19
15,38,20,19,19,19
16,38,20,20,18,20
17,40,20,1,39,1
1,2,20,2,0,2
2,4,20,4,0,4
3,8,20,8,0,8
4,16,20,15,1,15
5,30,20,20,10,20
6,40,20,20,20,20
7,40,20,20,20,20
8,40,20,19,21,19
9,38,20,20,18,20
10,40,20,19,21,19
11,38,20,18,20,18
12,36,20,20,16,20
13,40,20,20,20,20
14,40,20,19,21,19
15,38,20,20,18,20
16,40,20,19,21,19
17,38,20,19,19,19
18,38,20,20,18,20
19,40,20,19,21,19
20,38,20,18,20,18
1,2,20,2,0,2
2,4,20,4,0,4
3,8,20,8,0,8
4,16,20,11,5,11
5,22,20,16,6,16
6,32,20,19,13,19
7,38,20,18,20,18
8,36,20,20,16,20
9,40,20,20,20,20
10,40,20,20,20,20
11,40,20,20,20,20
12,40,20,20,20,20
13,40,20,20,20,20
14,40,20,20,20,20
15,40,20,19,21,19
16,38,20,19,19,19
17,38,20,19,19,19
18,38,20,20,18,20
19,40,20,20,20,20
20,40,20,20,20,20
1,2,20,2,0,2
2,4,20,4,0,4
3,8,20,8,0,8
4,16,20,15,1,15
5,30,20,20,10,20
6,40,20,18,22,18
7,36,20,20,16,20
8,40,20,20,20,20
9,40,20,20,20,20
10,40,20,20,20,20
11,40,20,20,20,20
12,40,20,19,21,19
13,38,20,20,18,20
14,40,20,20,20,20
15,40,20,19,21,19
16,38,20,20,18,20
17,40,20,20,20,20
18,40,20,20,20,20
19,40,20,20,20,20
20,40,20,19,21,19
1,2,20,2,0,2
2,4,20,4,0,4
3,8,20,8,0,8
4,16,20,14,2,14
5,28,20,20,8,20
6,40,20,19,21,19
7,38,20,19,19,19
8,38,20,19,19,19
9,38,20,20,18,20
10,40,20,20,20,20
11,40,20,20,20,20
12,40,20,20,20,20
13,40,20,20,20,20
14,40,20,20,20,20
15,40,20,18,22,18
16,36,20,20,16,20
17,40,20,20,20,20
18,40,20,20,20,20
19,40,20,19,21,19
20,38,20,19,19,19
1,3,50,3,0,3
2,3,50,3,0,3
3,3,50,3,0,3
4,3,50,3,0,3
5,3,50,3,0,3
6,3,50,3,0,3
7,3,50,3,0,3
8,3,50,3,0,3
9,3,50,3,0,3
1,2,30,2,0,2
1,2,50,2,0,2
2,4,50,4,0,4
3,8,50,8,0,8
4,16,50,15,1,15
5,30,50,21,9,21
6,42,50,31,11,31
7,62,50,26,36,26
8,52,50,30,22,30
9,60,50,24,36,24
10,48,50,34,14,34
11,68,50,30,38,30
12,60,50,30,30,30
13,60,50,29,31,29
14,58,50,25,33,25
15,50,50,27,23,27
16,54,50,31,23,31
17,62,50,22,40,22
1,2,10,2,0,2
2,4,10,3,1,3
3,6,10,5,1,5
4,10,10,5,5,5
5,10,10,7,3,7
6,14,10,7,7,7
7,14,10,8,6,8
8,16,10,8,8,8
9,16,10,7,9,7
10,14,10,6,8,6
11,12,10,6,6,6
12,12,10,8,4,8
13,16,10,9,7,9
14,18,10,9,9,9
15,18,10,8,10,8
16,16,10,8,8,8
17,16,10,9,7,9
18,18,10,7,11,7
19,14,10,7,7,7
20,14,10,9,5,9
1,2,10,2,0,2
2,4,10,4,0,4
3,8,10,5,3,5
4,10,10,7,3,7
1,2,20,2,0,2
2,4,20,4,0,4
3,8,20,8,0,8
4,16,20,12,4,12
5,24,20,9,15,9
6,18,20,14,4,14
7,28,20,18,10,18
8,36,20,15,21,15
9,30,20,12,18,12
10,24,20,14,10,14
11,28,20,12,16,12
12,24,20,12,12,12
13,24,20,13,11,13
14,26,20,12,14,12
15,24,20,14,10,14
16,28,20,14,14,14
17,28,20,16,12,16
18,32,20,13,19,13
19,26,20,13,13,13
20,26,20,15,11,15
21,30,20,13,17,13
22,26,20,17,9,17
23,34,20,16,18,16
24,32,20,15,17,15
25,30,20,14,16,14
26,28,20,10,18,10
27,20,20,13,7,13
28,26,20,12,14,12
29,24,20,13,11,13
30,26,20,10,16,10
31,20,20,10,10,10
32,20,20,11,9,11
33,22,20,15,7,15
34,30,20,16,14,16
35,32,20,12,20,12
36,24,20,13,11,13
37,26,20,15,11,15
38,30,20,13,17,13
39,26,20,12,14,12
40,24,20,17,7,17
41,34,20,15,19,15
42,30,20,12,18,12
43,24,20,13,11,13
1,2,10,2,0,2
2,4,10,4,0,4
3,8,10,4,4,4
4,8,10,6,2,6
5,12,10,8,4,8
6,16,10,6,10,6
7,12,10,7,5,7
8,14,10,8,6,8
9,16,10,8,8,8
10,16,10,8,8,8
11,16,10,8,8,8
12,16,10,9,7,9
13,18,10,8,10,8
14,16,10,6,10,6
15,12,10,8,4,8
16,16,10,8,8,8
17,16,10,8,8,8
18,16,10,9,7,9
19,18,10,9,9,9
20,18,10,5,13,5
21,10,10,6,4,6
22,12,10,7,5,7
23,14,10,8,6,8
24,16,10,9,7,9
25,18,10,6,12,6
26,12,10,9,3,9
27,18,10,10,8,10
28,20,10,8,12,8
29,16,10,8,8,8
30,16,10,9,7,9
31,18,10,6,12,6
32,12,10,7,5,7
33,14,10,8,6,8
34,16,10,8,8,8
35,16,10,6,10,6
36,12,10,5,7,5
37,10,10,6,4,6
38,12,10,8,4,8
39,16,10,9,7,9
40,18,10,9,9,9
41,18,10,8,10,8
42,16,10,7,9,7
43,14,10,8,6,8
44,16,10,8,8,8
45,16,10,9,7,9
46,18,10,8,10,8
47,16,10,8,8,8
48,16,10,9,7,9
49,18,10,8,10,8
50,16,10,7,9,7
51,14,10,8,6,8
52,16,10,9,7,9
53,18,10,7,11,7
54,14,10,9,5,9
55,18,10,6,12,6
56,12,10,6,6,6
57,12,10,6,6,6
58,12,10,7,5,7
59,14,10,5,9,5
60,10,10,7,3,7
61,14,10,7,7,7
62,14,10,8,6,8
63,16,10,8,8,8
64,16,10,7,9,7
65,14,10,7,7,7
66,14,10,5,9,5
67,10,10,10,0,10
68,20,10,9,11,9
69,18,10,8,10,8
70,16,10,8,8,8
71,16,10,9,7,9
72,18,10,8,10,8
73,16,10,8,8,8
74,16,10,10,6,10
75,20,10,7,13,7
76,14,10,8,6,8
77,16,10,9,7,9
78,18,10,6,12,6
79,12,10,8,4,8
80,16,10,8,8,8
81,16,10,8,8,8
82,16,10,9,7,9
83,18,10,8,10,8
84,16,10,7,9,7
85,14,10,7,7,7
86,14,10,8,6,8
87,16,10,8,8,8
88,16,10,7,9,7
89,14,10,8,6,8
90,16,10,8,8,8
91,16,10,7,9,7
92,14,10,7,7,7
93,14,10,8,6,8
94,16,10,8,8,8
95,16,10,9,7,9
96,18,10,7,11,7
97,14,10,7,7,7
98,14,10,8,6,8
99,16,10,8,8,8
100,16,10,8,8,8
101,16,10,6,10,6
102,12,10,7,5,7
103,14,10,7,7,7
104,14,10,6,8,6
105,12,10,7,5,7
106,14,10,8,6,8
107,16,10,9,7,9
108,18,10,8,10,8
109,16,10,8,8,8
110,16,10,7,9,7
111,14,10,8,6,8
112,16,10,8,8,8
113,16,10,8,8,8
114,16,10,9,7,9
115,18,10,7,11,7
116,14,10,7,7,7
117,14,10,8,6,8
118,16,10,7,9,7
119,14,10,7,7,7
120,14,10,6,8,6
121,12,10,7,5,7
122,14,10,7,7,7
123,14,10,8,6,8
124,16,10,8,8,8
125,16,10,7,9,7
126,14,10,9,5,9
127,18,10,9,9,9
128,18,10,9,9,9
129,18,10,9,9,9
130,18,10,9,9,9
131,18,10,8,10,8
132,16,10,8,8,8
133,16,10,8,8,8
134,16,10,7,9,7
135,14,10,5,9,5
136,10,10,8,2,8
137,16,10,8,8,8
138,16,10,8,8,8
139,16,10,9,7,9
140,18,10,7,11,7
141,14,10,7,7,7
142,14,10,7,7,7
143,14,10,6,8,6
144,12,10,7,5,7
145,14,10,8,6,8
146,16,10,9,7,9
147,18,10,7,11,7
148,14,10,9,5,9
149,18,10,6,12,6
150,12,10,7,5,7
151,14,10,8,6,8
152,16,10,9,7,9
153,18,10,6,12,6
154,12,10,6,6,6
155,12,10,8,4,8
156,16,10,9,7,9
157,18,10,9,9,9
158,18,10,9,9,9
159,18,10,10,8,10
160,20,10,8,12,8
161,16,10,8,8,8
162,16,10,10,6,10
163,20,10,8,12,8
164,16,10,9,7,9
165,18,10,7,11,7
166,14,10,8,6,8
167,16,10,7,9,7
168,14,10,6,8,6
169,12,10,7,5,7
170,14,10,6,8,6
171,12,10,5,7,5
172,10,10,6,4,6
173,12,10,8,4,8
174,16,10,8,8,8
175,16,10,6,10,6
176,12,10,6,6,6
177,12,10,6,6,6
178,12,10,6,6,6
179,12,10,5,7,5
180,10,10,6,4,6
181,12,10,8,4,8
182,16,10,9,7,9
183,18,10,9,9,9
184,18,10,9,9,9
185,18,10,7,11,7
186,14,10,8,6,8
187,16,10,8,8,8
188,16,10,7,9,7
189,14,10,8,6,8
190,16,10,7,9,7
191,14,10,8,6,8
192,16,10,8,8,8
193,16,10,7,9,7
194,14,10,9,5,9
195,18,10,10,8,10
196,20,10,6,14,6
197,12,10,6,6,6
198,12,10,7,5,7
199,14,10,7,7,7
200,14,10,6,8,6
201,12,10,6,6,6
202,12,10,5,7,5
203,10,10,6,4,6
204,12,10,8,4,8
205,16,10,6,10,6
206,12,10,7,5,7
207,14,10,7,7,7
208,14,10,9,5,9
209,18,10,9,9,9
210,18,10,8,10,8
211,16,10,7,9,7
212,14,10,7,7,7
213,14,10,9,5,9
214,18,10,7,11,7
215,14,10,7,7,7
216,14,10,6,8,6
217,12,10,7,5,7
218,14,10,8,6,8
219,16,10,10,6,10
220,20,10,7,13,7
221,14,10,5,9,5
222,10,10,7,3,7
223,14,10,8,6,8
224,16,10,9,7,9
225,18,10,7,11,7
226,14,10,5,9,5
227,10,10,8,2,8
228,16,10,8,8,8
229,16,10,9,7,9
230,18,10,7,11,7
231,14,10,9,5,9
232,18,10,8,10,8
233,16,10,8,8,8
234,16,10,5,11,5
235,10,10,7,3,7
236,14,10,9,5,9
237,18,10,9,9,9
238,18,10,8,10,8
239,16,10,8,8,8
240,16,10,6,10,6
241,12,10,9,3,9
242,18,10,9,9,9
243,18,10,7,11,7
244,14,10,8,6,8
245,16,10,7,9,7
246,14,10,8,6,8
247,16,10,9,7,9
248,18,10,8,10,8
249,16,10,8,8,8
250,16,10,9,7,9
251,18,10,8,10,8
252,16,10,8,8,8
253,16,10,7,9,7
254,14,10,7,7,7
255,14,10,7,7,7
256,14,10,7,7,7
257,14,10,7,7,7
258,14,10,8,6,8
259,16,10,7,9,7
260,14,10,7,7,7
261,14,10,8,6,8
262,16,10,9,7,9
263,18,10,8,10,8
264,16,10,9,7,9
265,18,10,7,11,7
266,14,10,7,7,7
267,14,10,8,6,8
268,16,10,5,11,5
269,10,10,6,4,6
270,12,10,8,4,8
271,16,10,10,6,10
272,20,10,9,11,9
273,18,10,6,12,6
274,12,10,8,4,8
275,16,10,6,10,6
276,12,10,7,5,7
277,14,10,7,7,7
278,14,10,6,8,6
279,12,10,9,3,9
280,18,10,9,9,9
281,18,10,8,10,8
282,16,10,7,9,7
283,14,10,7,7,7
284,14,10,6,8,6
285,12,10,4,8,4
286,8,10,7,1,7
287,14,10,8,6,8
288,16,10,9,7,9
289,18,10,9,9,9
290,18,10,8,10,8
291,16,10,7,9,7
292,14,10,7,7,7
293,14,10,8,6,8
294,16,10,8,8,8
295,16,10,8,8,8
296,16,10,7,9,7
297,14,10,7,7,7
298,14,10,8,6,8
299,16,10,9,7,9
300,18,10,9,9,9
301,18,10,6,12,6
302,12,10,9,3,9
303,18,10,9,9,9
304,18,10,8,10,8
305,16,10,8,8,8
306,16,10,6,10,6
307,12,10,7,5,7
308,14,10,7,7,7
309,14,10,7,7,7
310,14,10,7,7,7
311,14,10,5,9,5
312,10,10,6,4,6
313,12,10,8,4,8
314,16,10,9,7,9
315,18,10,7,11,7
316,14,10,8,6,8
317,16,10,9,7,9
318,18,10,9,9,9
319,18,10,9,9,9
320,18,10,8,10,8
321,16,10,8,8,8
322,16,10,10,6,10
323,20,10,9,11,9
324,18,10,8,10,8
325,16,10,9,7,9
326,18,10,7,11,7
327,14,10,7,7,7
328,14,10,7,7,7
329,14,10,6,8,6
330,12,10,6,6,6
331,12,10,7,5,7
332,14,10,9,5,9
333,18,10,5,13,5
334,10,10,7,3,7
335,14,10,6,8,6
336,12,10,6,6,6
337,12,10,6,6,6
338,12,10,8,4,8
339,16,10,7,9,7
340,14,10,7,7,7
341,14,10,7,7,7
342,14,10,6,8,6
343,12,10,8,4,8
344,16,10,9,7,9
345,18,10,8,10,8
346,16,10,8,8,8
347,16,10,7,9,7
348,14,10,8,6,8
349,16,10,8,8,8
350,16,10,9,7,9
351,18,10,10,8,10
352,20,10,7,13,7
353,14,10,7,7,7
354,14,10,8,6,8
355,16,10,8,8,8
356,16,10,7,9,7
357,14,10,8,6,8
358,16,10,9,7,9
359,18,10,8,10,8
360,16,10,5,11,5
361,10,10,7,3,7
362,14,10,8,6,8
363,16,10,9,7,9
364,18,10,8,10,8
365,16,10,8,8,8
366,16,10,9,7,9
367,18,10,8,10,8
368,16,10,6,10,6
369,12,10,6,6,6
370,12,10,7,5,7
371,14,10,6,8,6
372,12,10,7,5,7
373,14,10,8,6,8
374,16,10,7,9,7
375,14,10,7,7,7
376,14,10,8,6,8
377,16,10,9,7,9
378,18,10,7,11,7
379,14,10,10,4,10
380,20,10,8,12,8
381,16,10,8,8,8
382,16,10,9,7,9
383,18,10,8,10,8
384,16,10,7,9,7
385,14,10,6,8,6
386,12,10,8,4,8
387,16,10,7,9,7
388,14,10,6,8,6
389,12,10,7,5,7
390,14,10,8,6,8
391,16,10,6,10,6
392,12,10,6,6,6
393,12,10,8,4,8
394,16,10,6,10,6
395,12,10,9,3,9
396,18,10,6,12,6
397,12,10,4,8,4
398,8,10,7,1,7
399,14,10,5,9,5
400,10,10,7,3,7
401,14,10,8,6,8
402,16,10,9,7,9
403,18,10,8,10,8
404,16,10,7,9,7
405,14,10,8,6,8
406,16,10,6,10,6
407,12,10,8,4,8
408,16,10,7,9,7
409,14,10,8,6,8
410,16,10,7,9,7
411,14,10,7,7,7
412,14,10,6,8,6
413,12,10,8,4,8
414,16,10,7,9,7
415,14,10,7,7,7
416,14,10,6,8,6
417,12,10,8,4,8
418,16,10,6,10,6
419,12,10,6,6,6
420,12,10,8,4,8
421,16,10,8,8,8
422,16,10,7,9,7
423,14,10,8,6,8
424,16,10,7,9,7
425,14,10,7,7,7
426,14,10,6,8,6
427,12,10,7,5,7
428,14,10,8,6,8
429,16,10,7,9,7
430,14,10,7,7,7
431,14,10,7,7,7
432,14,10,8,6,8
433,16,10,8,8,8
434,16,10,8,8,8
435,16,10,6,10,6
436,12,10,7,5,7
437,14,10,5,9,5
438,10,10,6,4,6
439,12,10,8,4,8
440,16,10,9,7,9
441,18,10,8,10,8
442,16,10,10,6,10
443,20,10,8,12,8
444,16,10,9,7,9
445,18,10,9,9,9
446,18,10,7,11,7
447,14,10,7,7,7
448,14,10,9,5,9
449,18,10,9,9,9
450,18,10,9,9,9
451,18,10,8,10,8
452,16,10,7,9,7
453,14,10,8,6,8
454,16,10,10,6,10
455,20,10,7,13,7
456,14,10,9,5,9
457,18,10,6,12,6
458,12,10,8,4,8
459,16,10,5,11,5
460,10,10,6,4,6
461,12,10,7,5,7
462,14,10,8,6,8
463,16,10,5,11,5
464,10,10,7,3,7
465,14,10,6,8,6
466,12,10,6,6,6
467,12,10,6,6,6
468,12,10,6,6,6
469,12,10,6,6,6
470,12,10,8,4,8
471,16,10,7,9,7
472,14,10,8,6,8
473,16,10,9,7,9
474,18,10,8,10,8
475,16,10,6,10,6
476,12,10,6,6,6
477,12,10,8,4,8
478,16,10,8,8,8
479,16,10,7,9,7
480,14,10,7,7,7
481,14,10,5,9,5
482,10,10,8,2,8
483,16,10,8,8,8
484,16,10,8,8,8
485,16,10,8,8,8
486,16,10,9,7,9
487,18,10,10,8,10
488,20,10,5,15,5
489,10,10,4,6,4
490,8,10,6,2,6
491,12,10,8,4,8
492,16,10,5,11,5
493,10,10,5,5,5
494,10,10,7,3,7
495,14,10,8,6,8
496,16,10,9,7,9
497,18,10,9,9,9
498,18,10,8,10,8
499,16,10,8,8,8
500,16,10,8,8,8
501,16,10,8,8,8
502,16,10,6,10,6
503,12,10,7,5,7
504,14,10,9,5,9
505,18,10,7,11,7
506,14,10,7,7,7
507,14,10,8,6,8
508,16,10,8,8,8
509,16,10,8,8,8
510,16,10,10,6,10
511,20,10,8,12,8
512,16,10,8,8,8
513,16,10,6,10,6
514,12,10,8,4,8
515,16,10,7,9,7
516,14,10,8,6,8
517,16,10,8,8,8
518,16,10,8,8,8
519,16,10,7,9,7
520,14,10,8,6,8
521,16,10,7,9,7
522,14,10,7,7,7
523,14,10,5,9,5
524,10,10,8,2,8
525,16,10,8,8,8
526,16,10,8,8,8
527,16,10,9,7,9
528,18,10,7,11,7
529,14,10,9,5,9
530,18,10,6,12,6
531,12,10,7,5,7
532,14,10,7,7,7
533,14,10,7,7,7
534,14,10,6,8,6
535,12,10,7,5,7
536,14,10,8,6,8
537,16,10,8,8,8
538,16,10,6,10,6
539,12,10,7,5,7
540,14,10,8,6,8
541,16,10,5,11,5
542,10,10,6,4,6
543,12,10,7,5,7
544,14,10,6,8,6
545,12,10,8,4,8
546,16,10,6,10,6
547,12,10,8,4,8
548,16,10,8,8,8
549,16,10,6,10,6
550,12,10,8,4,8
551,16,10,7,9,7
552,14,10,6,8,6
553,12,10,5,7,5
554,10,10,8,2,8
555,16,10,7,9,7
556,14,10,7,7,7
557,14,10,6,8,6
558,12,10,8,4,8
559,16,10,7,9,7
560,14,10,8,6,8
561,16,10,7,9,7
562,14,10,9,5,9
563,18,10,8,10,8
564,16,10,6,10,6
565,12,10,5,7,5
566,10,10,6,4,6
567,12,10,5,7,5
568,10,10,6,4,6
569,12,10,5,7,5
570,10,10,7,3,7
571,14,10,6,8,6
572,12,10,7,5,7
573,14,10,7,7,7
574,14,10,7,7,7
575,14,10,7,7,7
576,14,10,8,6,8
577,16,10,8,8,8
578,16,10,6,10,6
579,12,10,7,5,7
580,14,10,6,8,6
581,12,10,10,2,10
582,20,10,7,13,7
583,14,10,7,7,7
584,14,10,9,5,9
585,18,10,7,11,7
586,14,10,8,6,8
587,16,10,8,8,8
588,16,10,8,8,8
589,16,10,8,8,8
590,16,10,9,7,9
591,18,10,8,10,8
592,16,10,10,6,10
593,20,10,8,12,8
594,16,10,8,8,8
595,16,10,8,8,8
596,16,10,9,7,9
597,18,10,8,10,8
598,16,10,8,8,8
599,16,10,7,9,7
600,14,10,6,8,6
601,12,10,7,5,7
602,14,10,7,7,7
603,14,10,8,6,8
604,16,10,7,9,7
605,14,10,8,6,8
606,16,10,8,8,8
607,16,10,8,8,8
608,16,10,7,9,7
609,14,10,5,9,5
610,10,10,6,4,6
611,12,10,7,5,7
612,14,10,6,8,6
613,12,10,6,6,6
614,12,10,7,5,7
615,14,10,8,6,8
616,16,10,6,10,6
617,12,10,8,4,8
618,16,10,7,9,7
619,14,10,7,7,7
620,14,10,7,7,7
621,14,10,7,7,7
622,14,10,8,6,8
623,16,10,10,6,10
624,20,10,9,11,9
625,18,10,9,9,9
626,18,10,10,8,10
627,20,10,8,12,8
628,16,10,6,10,6
629,12,10,7,5,7
630,14,10,8,6,8
631,16,10,7,9,7
632,14,10,8,6,8
633,16,10,7,9,7
634,14,10,9,5,9
635,18,10,8,10,8
636,16,10,10,6,10
637,20,10,8,12,8
638,16,10,9,7,9
639,18,10,10,8,10
640,20,10,7,13,7
641,14,10,7,7,7
642,14,10,8,6,8
643,16,10,9,7,9
644,18,10,7,11,7
645,14,10,9,5,9
646,18,10,8,10,8
647,16,10,7,9,7
648,14,10,8,6,8
649,16,10,5,11,5
650,10,10,5,5,5
651,10,10,8,2,8
652,16,10,7,9,7
653,14,10,7,7,7
654,14,10,10,4,10
655,20,10,7,13,7
656,14,10,6,8,6
657,12,10,6,6,6
658,12,10,7,5,7
659,14,10,7,7,7
660,14,10,6,8,6
661,12,10,8,4,8
662,16,10,7,9,7
663,14,10,8,6,8
664,16,10,7,9,7
665,14,10,8,6,8
666,16,10,8,8,8
667,16,10,6,10,6
668,12,10,6,6,6
669,12,10,9,3,9
670,18,10,8,10,8
671,16,10,7,9,7
672,14,10,8,6,8
673,16,10,7,9,7
674,14,10,7,7,7
675,14,10,6,8,6
676,12,10,7,5,7
677,14,10,7,7,7
678,14,10,7,7,7
679,14,10,8,6,8
680,16,10,7,9,7
681,14,10,8,6,8
682,16,10,7,9,7
683,14,10,7,7,7
684,14,10,7,7,7
685,14,10,8,6,8
686,16,10,6,10,6
687,12,10,5,7,5
688,10,10,8,2,8
689,16,10,10,6,10
690,20,10,8,12,8
691,16,10,7,9,7
692,14,10,6,8,6
693,12,10,7,5,7
694,14,10,9,5,9
695,18,10,7,11,7
696,14,10,8,6,8
697,16,10,7,9,7
698,14,10,7,7,7
699,14,10,8,6,8
700,16,10,6,10,6
701,12,10,5,7,5
702,10,10,7,3,7
703,14,10,8,6,8
704,16,10,8,8,8
705,16,10,7,9,7
706,14,10,9,5,9
707,18,10,8,10,8
708,16,10,8,8,8
709,16,10,5,11,5
710,10,10,5,5,5
711,10,10,8,2,8
712,16,10,6,10,6
713,12,10,7,5,7
714,14,10,8,6,8
715,16,10,8,8,8
716,16,10,8,8,8
717,16,10,7,9,7
718,14,10,6,8,6
719,12,10,7,5,7
720,14,10,5,9,5
721,10,10,5,5,5
722,10,10,6,4,6
723,12,10,5,7,5
724,10,10,5,5,5
725,10,10,6,4,6
726,12,10,7,5,7
727,14,10,10,4,10
728,20,10,7,13,7
729,14,10,7,7,7
730,14,10,8,6,8
731,16,10,6,10,6
732,12,10,7,5,7
733,14,10,7,7,7
734,14,10,7,7,7
735,14,10,10,4,10
736,20,10,9,11,9
737,18,10,8,10,8
738,16,10,9,7,9
739,18,10,7,11,7
740,14,10,8,6,8
741,16,10,4,12,4
742,8,10,6,2,6
743,12,10,7,5,7
744,14,10,7,7,7
745,14,10,4,10,4
746,8,10,6,2,6
747,12,10,9,3,9
748,18,10,8,10,8
749,16,10,9,7,9
750,18,10,8,10,8
751,16,10,8,8,8
752,16,10,9,7,9
753,18,10,8,10,8
754,16,10,9,7,9
755,18,10,6,12,6
756,12,10,6,6,6
757,12,10,8,4,8
758,16,10,8,8,8
759,16,10,7,9,7
760,14,10,9,5,9
761,18,10,7,11,7
762,14,10,8,6,8
763,16,10,9,7,9
764,18,10,9,9,9
765,18,10,9,9,9
766,18,10,7,11,7
767,14,10,9,5,9
768,18,10,9,9,9
769,18,10,10,8,10
770,20,10,7,13,7
771,14,10,8,6,8
772,16,10,8,8,8
773,16,10,8,8,8
774,16,10,9,7,9
775,18,10,7,11,7
776,14,10,9,5,9
777,18,10,8,10,8
778,16,10,7,9,7
779,14,10,6,8,6
780,12,10,7,5,7
781,14,10,7,7,7
782,14,10,6,8,6
783,12,10,6,6,6
784,12,10,7,5,7
785,14,10,8,6,8
786,16,10,9,7,9
787,18,10,8,10,8
788,16,10,6,10,6
789,12,10,6,6,6
790,12,10,9,3,9
791,18,10,9,9,9
792,18,10,8,10,8
793,16,10,6,10,6
794,12,10,9,3,9
795,18,10,9,9,9
796,18,10,7,11,7
797,14,10,6,8,6
798,12,10,8,4,8
799,16,10,7,9,7
800,14,10,6,8,6
801,12,10,8,4,8
802,16,10,7,9,7
803,14,10,9,5,9
804,18,10,10,8,10
805,20,10,8,12,8
806,16,10,7,9,7
807,14,10,9,5,9
808,18,10,9,9,9
809,18,10,6,12,6
810,12,10,7,5,7
811,14,10,7,7,7
812,14,10,8,6,8
813,16,10,8,8,8
814,16,10,9,7,9
815,18,10,7,11,7
816,14,10,7,7,7
817,14,10,8,6,8
818,16,10,6,10,6
819,12,10,7,5,7
820,14,10,8,6,8
821,16,10,8,8,8
822,16,10,7,9,7
823,14,10,7,7,7
824,14,10,8,6,8
825,16,10,7,9,7
826,14,10,10,4,10
827,20,10,7,13,7
828,14,10,6,8,6
829,12,10,6,6,6
830,12,10,9,3,9
831,18,10,10,8,10
832,20,10,10,10,10
833,20,10,7,13,7
834,14,10,8,6,8
835,16,10,8,8,8
836,16,10,8,8,8
837,16,10,9,7,9
838,18,10,8,10,8
839,16,10,8,8,8
840,16,10,8,8,8
841,16,10,7,9,7
842,14,10,6,8,6
843,12,10,7,5,7
844,14,10,7,7,7
845,14,10,8,6,8
846,16,10,7,9,7
847,14,10,9,5,9
848,18,10,7,11,7
849,14,10,9,5,9
850,18,10,9,9,9
851,18,10,7,11,7
852,14,10,7,7,7
853,14,10,7,7,7
854,14,10,5,9,5
855,10,10,5,5,5
856,10,10,7,3,7
857,14,10,7,7,7
858,14,10,7,7,7
859,14,10,9,5,9
860,18,10,7,11,7
861,14,10,6,8,6
862,12,10,6,6,6
863,12,10,8,4,8
864,16,10,9,7,9
865,18,10,8,10,8
866,16,10,8,8,8
867,16,10,6,10,6
868,12,10,6,6,6
869,12,10,6,6,6
870,12,10,9,3,9
871,18,10,8,10,8
872,16,10,8,8,8
873,16,10,9,7,9
874,18,10,7,11,7
875,14,10,7,7,7
876,14,10,7,7,7
877,14,10,8,6,8
878,16,10,8,8,8
879,16,10,9,7,9
880,18,10,8,10,8
881,16,10,9,7,9
882,18,10,8,10,8
883,16,10,9,7,9
884,18,10,6,12,6
885,12,10,6,6,6
886,12,10,6,6,6
887,12,10,4,8,4
888,8,10,5,3,5
889,10,10,8,2,8
890,16,10,7,9,7
891,14,10,7,7,7
892,14,10,8,6,8
893,16,10,9,7,9
894,18,10,8,10,8
895,16,10,8,8,8
896,16,10,5,11,5
897,10,10,8,2,8
898,16,10,8,8,8
899,16,10,9,7,9
900,18,10,5,13,5
901,10,10,7,3,7
902,14,10,8,6,8
903,16,10,7,9,7
904,14,10,9,5,9
905,18,10,10,8,10
906,20,10,10,10,10
907,20,10,8,12,8
908,16,10,8,8,8
909,16,10,7,9,7
910,14,10,7,7,7
911,14,10,7,7,7
912,14,10,8,6,8
913,16,10,7,9,7
914,14,10,7,7,7
915,14,10,6,8,6
916,12,10,5,7,5
917,10,10,6,4,6
918,12,10,7,5,7
919,14,10,8,6,8
920,16,10,5,11,5
921,10,10,7,3,7
922,14,10,7,7,7
923,14,10,6,8,6
924,12,10,7,5,7
925,14,10,7,7,7
926,14,10,8,6,8
927,16,10,7,9,7
928,14,10,8,6,8
929,16,10,8,8,8
930,16,10,7,9,7
931,14,10,6,8,6
932,12,10,6,6,6
933,12,10,6,6,6
934,12,10,7,5,7
935,14,10,8,6,8
936,16,10,8,8,8
937,16,10,6,10,6
938,12,10,6,6,6
939,12,10,7,5,7
940,14,10,8,6,8
941,16,10,8,8,8
942,16,10,10,6,10
943,20,10,8,12,8
944,16,10,7,9,7
945,14,10,9,5,9
946,18,10,8,10,8
947,16,10,8,8,8
948,16,10,6,10,6
949,12,10,7,5,7
950,14,10,7,7,7
951,14,10,8,6,8
952,16,10,8,8,8
953,16,10,7,9,7
954,14,10,8,6,8
955,16,10,6,10,6
956,12,10,6,6,6
957,12,10,7,5,7
958,14,10,9,5,9
959,18,10,9,9,9
960,18,10,9,9,9
961,18,10,7,11,7
962,14,10,6,8,6
963,12,10,6,6,6
964,12,10,7,5,7
965,14,10,9,5,9
966,18,10,6,12,6
967,12,10,7,5,7
968,14,10,8,6,8
969,16,10,8,8,8
970,16,10,8,8,8
971,16,10,9,7,9
972,18,10,7,11,7
973,14,10,8,6,8
974,16,10,8,8,8
975,16,10,7,9,7
976,14,10,9,5,9
977,18,10,9,9,9
978,18,10,7,11,7
979,14,10,8,6,8
980,16,10,6,10,6
981,12,10,7,5,7
982,14,10,7,7,7
983,14,10,9,5,9
984,18,10,10,8,10
985,20,10,10,10,10
986,20,10,9,11,9
987,18,10,7,11,7
988,14,10,8,6,8
989,16,10,9,7,9
990,18,10,7,11,7
991,14,10,6,8,6
992,12,10,7,5,7
993,14,10,6,8,6
994,12,10,7,5,7
995,14,10,4,10,4
996,8,10,4,4,4
997,8,10,6,2,6
998,12,10,9,3,9
999,18,10,8,10,8
1000,16,10,9,7,9
1001,18,10,9,9,9
1002,18,10,7,11,7
1003,14,10,6,8,6
1004,12,10,7,5,7
1005,14,10,7,7,7
1006,14,10,7,7,7
1007,14,10,8,6,8
1008,16,10,7,9,7
1009,14,10,10,4,10
1010,20,10,9,11,9
1011,18,10,8,10,8
1012,16,10,9,7,9
1013,18,10,8,10,8
1014,16,10,7,9,7
1015,14,10,8,6,8
1016,16,10,7,9,7
1017,14,10,8,6,8
1018,16,10,8,8,8
1019,16,10,8,8,8
1020,16,10,7,9,7
1021,14,10,7,7,7
1022,14,10,7,7,7
1023,14,10,8,6,8
1024,16,10,7,9,7
1025,14,10,7,7,7
1026,14,10,6,8,6
1027,12,10,6,6,6
1028,12,10,7,5,7
1029,14,10,7,7,7
1030,14,10,7,7,7
1031,14,10,7,7,7
1032,14,10,9,5,9
1033,18,10,7,11,7
1034,14,10,5,9,5
1035,10,10,8,2,8
1036,16,10,8,8,8
1037,16,10,7,9,7
1038,14,10,7,7,7
1039,14,10,7,7,7
1040,14,10,9,5,9
1041,18,10,9,9,9
1042,18,10,9,9,9
1043,18,10,8,10,8
1044,16,10,8,8,8
1045,16,10,8,8,8
1046,16,10,9,7,9
1047,18,10,9,9,9
1048,18,10,9,9,9
1049,18,10,7,11,7
1050,14,10,8,6,8
1051,16,10,9,7,9
1052,18,10,7,11,7
1053,14,10,9,5,9
1054,18,10,7,11,7
1055,14,10,8,6,8
1056,16,10,8,8,8
1057,16,10,9,7,9
1058,18,10,6,12,6
1059,12,10,7,5,7
1060,14,10,10,4,10
1061,20,10,8,12,8
1062,16,10,8,8,8
1063,16,10,8,8,8
1064,16,10,7,9,7
1065,14,10,9,5,9
1066,18,10,6,12,6
1067,12,10,8,4,8
1068,16,10,6,10,6
1069,12,10,7,5,7
1070,14,10,8,6,8
1071,16,10,8,8,8
1072,16,10,9,7,9
1073,18,10,8,10,8
1074,16,10,7,9,7
1075,14,10,9,5,9
1076,18,10,8,10,8
1077,16,10,8,8,8
1078,16,10,8,8,8
1079,16,10,9,7,9
1080,18,10,9,9,9
1081,18,10,8,10,8
1082,16,10,8,8,8
1083,16,10,8,8,8
1084,16,10,8,8,8
1085,16,10,9,7,9
1086,18,10,10,8,10
1087,20,10,8,12,8
1088,16,10,9,7,9
1089,18,10,6,12,6
1090,12,10,8,4,8
1091,16,10,8,8,8
1092,16,10,8,8,8
1093,16,10,7,9,7
1094,14,10,8,6,8
1095,16,10,7,9,7
1096,14,10,7,7,7
1097,14,10,5,9,5
1098,10,10,6,4,6
1099,12,10,6,6,6
1100,12,10,7,5,7
1101,14,10,9,5,9
1102,18,10,7,11,7
1103,14,10,9,5,9
1104,18,10,6,12,6
1105,12,10,7,5,7
1106,14,10,7,7,7
1107,14,10,7,7,7
1108,14,10,8,6,8
1109,16,10,7,9,7
1110,14,10,5,9,5
1111,10,10,6,4,6
1112,12,10,6,6,6
1113,12,10,6,6,6
1114,12,10,5,7,5
1115,10,10,6,4,6
1116,12,10,8,4,8
1117,16,10,9,7,9
1118,18,10,9,9,9
1119,18,10,8,10,8
1120,16,10,9,7,9
1121,18,10,9,9,9
1122,18,10,8,10,8
1123,16,10,6,10,6
1124,12,10,8,4,8
1125,16,10,6,10,6
1126,12,10,7,5,7
1127,14,10,7,7,7
1128,14,10,8,6,8
1129,16,10,5,11,5
1130,10,10,7,3,7
1131,14,10,6,8,6
1132,12,10,7,5,7
1133,14,10,8,6,8
1134,16,10,6,10,6
1135,12,10,6,6,6
1136,12,10,9,3,9
1137,18,10,8,10,8
1138,16,10,7,9,7
1139,14,10,7,7,7
1140,14,10,7,7,7
1141,14,10,8,6,8
1142,16,10,7,9,7
1143,14,10,6,8,6
1144,12,10,8,4,8
1145,16,10,9,7,9
1146,18,10,9,9,9
1147,18,10,7,11,7
1148,14,10,9,5,9
1149,18,10,7,11,7
1150,14,10,6,8,6
1151,12,10,6,6,6
1152,12,10,7,5,7
1153,14,10,8,6,8
1154,16,10,9,7,9
1155,18,10,8,10,8
1156,16,10,8,8,8
1157,16,10,9,7,9
1158,18,10,8,10,8
1159,16,10,7,9,7
1160,14,10,8,6,8
1161,16,10,8,8,8
1162,16,10,9,7,9
1163,18,10,8,10,8
1164,16,10,7,9,7
1165,14,10,5,9,5
1166,10,10,7,3,7
1167,14,10,8,6,8
1168,16,10,7,9,7
1169,14,10,8,6,8
1170,16,10,8,8,8
1171,16,10,9,7,9
1172,18,10,8,10,8
1173,16,10,7,9,7
1174,14,10,7,7,7
1175,14,10,7,7,7
1176,14,10,8,6,8
1177,16,10,9,7,9
1178,18,10,7,11,7
1179,14,10,8,6,8
1180,16,10,7,9,7
1181,14,10,7,7,7
1182,14,10,7,7,7
1183,14,10,8,6,8
1184,16,10,9,7,9
1185,18,10,9,9,9
1186,18,10,8,10,8
1187,16,10,6,10,6
1188,12,10,6,6,6
1189,12,10,7,5,7
1190,14,10,9,5,9
1191,18,10,8,10,8
1192,16,10,8,8,8
1193,16,10,8,8,8
1194,16,10,7,9,7
1195,14,10,9,5,9
1196,18,10,7,11,7
1197,14,10,8,6,8
1198,16,10,8,8,8
1199,16,10,9,7,9
1200,18,10,8,10,8
1201,16,10,8,8,8
1202,16,10,8,8,8
1203,16,10,8,8,8
1204,16,10,8,8,8
1205,16,10,9,7,9
1206,18,10,7,11,7
1207,14,10,7,7,7
1208,14,10,9,5,9
1209,18,10,9,9,9
1210,18,10,6,12,6
1211,12,10,7,5,7
1212,14,10,5,9,5
1213,10,10,6,4,6
1214,12,10,6,6,6
1215,12,10,7,5,7
1216,14,10,8,6,8
1217,16,10,8,8,8
1218,16,10,5,11,5
1219,10,10,6,4,6
1220,12,10,8,4,8
1221,16,10,7,9,7
1222,14,10,8,6,8
1223,16,10,9,7,9
1224,18,10,8,10,8
1225,16,10,8,8,8
1226,16,10,8,8,8
1227,16,10,7,9,7
1228,14,10,6,8,6
1229,12,10,6,6,6
1230,12,10,6,6,6
1231,12,10,8,4,8
1232,16,10,7,9,7
1233,14,10,7,7,7
1234,14,10,5,9,5
1235,10,10,6,4,6
1236,12,10,6,6,6
1237,12,10,7,5,7
1238,14,10,8,6,8
1239,16,10,9,7,9
1240,18,10,8,10,8
1241,16,10,7,9,7
1242,14,10,9,5,9
1243,18,10,7,11,7
1244,14,10,9,5,9
1245,18,10,8,10,8
1246,16,10,8,8,8
1247,16,10,9,7,9
1248,18,10,9,9,9
1249,18,10,9,9,9
1250,18,10,7,11,7
1251,14,10,7,7,7
1252,14,10,7,7,7
1253,14,10,7,7,7
1254,14,10,7,7,7
1255,14,10,8,6,8
1256,16,10,8,8,8
1257,16,10,9,7,9
1258,18,10,7,11,7
1259,14,10,6,8,6
1260,12,10,10,2,10
1261,20,10,6,14,6
1262,12,10,7,5,7
1263,14,10,8,6,8
1264,16,10,10,6,10
1265,20,10,9,11,9
1266,18,10,7,11,7
1267,14,10,6,8,6
1268,12,10,4,8,4
1269,8,10,6,2,6
1270,12,10,9,3,9
1271,18,10,9,9,9
1272,18,10,9,9,9
1273,18,10,7,11,7
1274,14,10,9,5,9
1275,18,10,5,13,5
1276,10,10,7,3,7
1277,14,10,6,8,6
1278,12,10,6,6,6
1279,12,10,7,5,7
1280,14,10,8,6,8
1281,16,10,7,9,7
1282,14,10,5,9,5
1283,10,10,6,4,6
1284,12,10,8,4,8
1285,16,10,8,8,8
1286,16,10,8,8,8
1287,16,10,7,9,7
1288,14,10,9,5,9
1289,18,10,7,11,7
1290,14,10,7,7,7
1291,14,10,7,7,7
1292,14,10,8,6,8
1293,16,10,7,9,7
1294,14,10,9,5,9
1295,18,10,10,8,10
1296,20,10,10,10,10
1297,20,10,10,10,10
1298,20,10,7,13,7
1299,14,10,9,5,9
1300,18,10,8,10,8
1301,16,10,6,10,6
1302,12,10,5,7,5
1303,10,10,7,3,7
1304,14,10,7,7,7
1305,14,10,7,7,7
1306,14,10,7,7,7
1307,14,10,9,5,9
1308,18,10,8,10,8
1309,16,10,8,8,8
1310,16,10,8,8,8
1311,16,10,8,8,8
1312,16,10,9,7,9
1313,18,10,8,10,8
1314,16,10,7,9,7
1315,14,10,7,7,7
1316,14,10,6,8,6
1317,12,10,8,4,8
1318,16,10,7,9,7
1319,14,10,8,6,8
1320,16,10,8,8,8
1321,16,10,8,8,8
1322,16,10,9,7,9
1323,18,10,6,12,6
1324,12,10,7,5,7
1325,14,10,7,7,7
1326,14,10,6,8,6
1327,12,10,6,6,6
1328,12,10,5,7,5
1329,10,10,8,2,8
1330,16,10,5,11,5
1331,10,10,7,3,7
1332,14,10,6,8,6
1333,12,10,7,5,7
1334,14,10,7,7,7
1335,14,10,5,9,5
1336,10,10,7,3,7
1337,14,10,9,5,9
1338,18,10,8,10,8
1339,16,10,6,10,6
1340,12,10,6,6,6
1341,12,10,7,5,7
1342,14,10,9,5,9
1343,18,10,8,10,8
1344,16,10,9,7,9
1345,18,10,9,9,9
1346,18,10,8,10,8
1347,16,10,7,9,7
1348,14,10,8,6,8
1349,16,10,6,10,6
1350,12,10,9,3,9
1351,18,10,9,9,9
1352,18,10,9,9,9
1353,18,10,8,10,8
1354,16,10,8,8,8
1355,16,10,9,7,9
1356,18,10,7,11,7
1357,14,10,6,8,6
1358,12,10,8,4,8
1359,16,10,8,8,8
1360,16,10,5,11,5
1361,10,10,6,4,6
1362,12,10,8,4,8
1363,16,10,9,7,9
1364,18,10,8,10,8
1365,16,10,7,9,7
1366,14,10,6,8,6
1367,12,10,5,7,5
1368,10,10,7,3,7
1369,14,10,6,8,6
1370,12,10,7,5,7
1371,14,10,9,5,9
1372,18,10,9,9,9
1373,18,10,9,9,9
1374,18,10,9,9,9
1375,18,10,8,10,8
1376,16,10,9,7,9
1377,18,10,9,9,9
1378,18,10,6,12,6
1379,12,10,7,5,7
1380,14,10,8,6,8
1381,16,10,8,8,8
1382,16,10,8,8,8
1383,16,10,8,8,8
1384,16,10,7,9,7
1385,14,10,4,10,4
1386,8,10,6,2,6
1387,12,10,5,7,5
1388,10,10,6,4,6
1389,12,10,5,7,5
1390,10,10,5,5,5
1391,10,10,7,3,7
1392,14,10,6,8,6
1393,12,10,6,6,6
1394,12,10,8,4,8
1395,16,10,7,9,7
1396,14,10,7,7,7
1397,14,10,8,6,8
1398,16,10,8,8,8
1399,16,10,9,7,9
1400,18,10,8,10,8
1401,16,10,7,9,7
1402,14,10,7,7,7
1403,14,10,5,9,5
1,2,5,1,1,1
2,2,5,1,1,1
3,2,5,2,0,2
4,4,5,3,1,3
5,6,5,3,3,3
6,6,5,3,3,3
7,6,5,4,2,4
8,8,5,3,5,3
9,6,5,3,3,3
10,6,5,3,3,3
11,6,5,4,2,4
12,8,5,3,5,3
13,6,5,4,2,4
14,8,5,3,5,3
15,6,5,4,2,4
16,8,5,4,4,4
17,8,5,5,3,5
18,10,5,4,6,4
19,8,5,5,3,5
20,10,5,4,6,4
21,8,5,4,4,4
22,8,5,4,4,4
23,8,5,3,5,3
24,6,5,4,2,4
25,8,5,3,5,3
26,6,5,3,3,3
27,6,5,4,2,4
28,8,5,3,5,3
29,6,5,4,2,4
30,8,5,3,5,3
31,6,5,3,3,3
32,6,5,3,3,3
33,6,5,5,1,5
34,10,5,4,6,4
35,8,5,4,4,4
36,8,5,4,4,4
37,8,5,4,4,4
38,8,5,4,4,4
39,8,5,4,4,4
40,8,5,4,4,4
41,8,5,3,5,3
42,6,5,3,3,3
43,6,5,3,3,3
44,6,5,4,2,4
45,8,5,4,4,4
46,8,5,3,5,3
47,6,5,4,2,4
48,8,5,3,5,3
49,6,5,3,3,3
50,6,5,4,2,4
1,2,6,2,0,2
2,4,6,2,2,2
3,4,6,3,1,3
4,6,6,3,3,3
5,6,6,3,3,3
6,6,6,4,2,4
7,8,6,4,4,4
8,8,6,6,2,6
9,12,6,5,7,5
10,10,6,4,6,4
11,8,6,4,4,4
12,8,6,5,3,5
13,10,6,5,5,5
14,10,6,6,4,6
15,12,6,5,7,5
16,10,6,5,5,5
17,10,6,3,7,3
18,6,6,4,2,4
19,8,6,5,3,5
20,10,6,5,5,5
21,10,6,6,4,6
22,12,6,5,7,5
23,10,6,6,4,6
24,12,6,4,8,4
25,8,6,5,3,5
26,10,6,4,6,4
27,8,6,6,2,6
28,12,6,5,7,5
29,10,6,6,4,6
30,12,6,6,6,6
31,12,6,5,7,5
32,10,6,4,6,4
33,8,6,4,4,4
34,8,6,6,2,6
35,12,6,5,7,5
36,10,6,5,5,5
37,10,6,6,4,6
38,12,6,6,6,6
39,12,6,5,7,5
40,10,6,5,5,5
41,10,6,4,6,4
42,8,6,5,3,5
43,10,6,3,7,3
44,6,6,4,2,4
45,8,6,4,4,4
46,8,6,5,3,5
47,10,6,5,5,5
48,10,6,5,5,5
49,10,6,5,5,5
50,10,6,5,5,5
1,2,7,2,0,2
2,4,7,3,1,3
3,6,7,4,2,4
4,8,7,6,2,6
5,12,7,7,5,7
6,14,7,5,9,5
7,10,7,4,6,4
8,8,7,4,4,4
9,8,7,4,4,4
10,8,7,5,3,5
11,10,7,6,4,6
12,12,7,5,7,5
13,10,7,5,5,5
14,10,7,7,3,7
15,14,7,5,9,5
16,10,7,7,3,7
17,14,7,6,8,6
18,12,7,6,6,6
19,12,7,5,7,5
20,10,7,6,4,6
21,12,7,4,8,4
22,8,7,6,2,6
23,12,7,6,6,6
24,12,7,6,6,6
25,12,7,5,7,5
26,10,7,5,5,5
27,10,7,5,5,5
28,10,7,5,5,5
29,10,7,4,6,4
30,8,7,5,3,5
31,10,7,6,4,6
32,12,7,6,6,6
33,12,7,6,6,6
34,12,7,5,7,5
35,10,7,5,5,5
36,10,7,5,5,5
37,10,7,7,3,7
38,14,7,6,8,6
39,12,7,4,8,4
40,8,7,4,4,4
41,8,7,5,3,5
42,10,7,4,6,4
43,8,7,3,5,3
44,6,7,5,1,5
45,10,7,4,6,4
46,8,7,5,3,5
47,10,7,4,6,4
48,8,7,6,2,6
49,12,7,5,7,5
50,10,7,6,4,6
1,2,8,1,1,1
2,2,8,2,0,2
3,4,8,3,1,3
4,6,8,5,1,5
5,10,8,7,3,7
6,14,8,8,6,8
7,16,8,4,12,4
8,8,8,5,3,5
9,10,8,7,3,7
10,14,8,6,8,6
11,12,8,6,6,6
12,12,8,6,6,6
13,12,8,7,5,7
14,14,8,6,8,6
15,12,8,8,4,8
16,16,8,7,9,7
17,14,8,7,7,7
18,14,8,5,9,5
19,10,8,8,2,8
20,16,8,7,9,7
21,14,8,8,6,8
22,16,8,4,12,4
23,8,8,6,2,6
24,12,8,5,7,5
25,10,8,2,8,2
26,4,8,3,1,3
27,6,8,3,3,3
28,6,8,4,2,4
29,8,8,6,2,6
30,12,8,5,7,5
31,10,8,5,5,5
32,10,8,6,4,6
33,12,8,8,4,8
34,16,8,6,10,6
35,12,8,5,7,5
36,10,8,6,4,6
37,12,8,5,7,5
38,10,8,8,2,8
39,16,8,8,8,8
40,16,8,5,11,5
41,10,8,4,6,4
42,8,8,6,2,6
43,12,8,7,5,7
44,14,8,5,9,5
45,10,8,5,5,5
46,10,8,5,5,5
47,10,8,6,4,6
48,12,8,7,5,7
49,14,8,6,8,6
50,12,8,6,6,6
1,2,9,2,0,2
2,4,9,3,1,3
3,6,9,5,1,5
4,10,9,4,6,4
5,8,9,7,1,7
6,14,9,9,5,9
7,18,9,8,10,8
8,16,9,7,9,7
9,14,9,8,6,8
10,16,9,5,11,5
11,10,9,7,3,7
12,14,9,8,6,8
13,16,9,9,7,9
14,18,9,8,10,8
15,16,9,6,10,6
16,12,9,6,6,6
17,12,9,5,7,5
18,10,9,5,5,5
19,10,9,6,4,6
20,12,9,6,6,6
21,12,9,7,5,7
22,14,9,6,8,6
23,12,9,6,6,6
24,12,9,6,6,6
25,12,9,7,5,7
26,14,9,7,7,7
27,14,9,9,5,9
28,18,9,7,11,7
29,14,9,7,7,7
30,14,9,8,6,8
31,16,9,6,10,6
32,12,9,7,5,7
33,14,9,7,7,7
34,14,9,7,7,7
35,14,9,6,8,6
36,12,9,8,4,8
37,16,9,5,11,5
38,10,9,7,3,7
39,14,9,7,7,7
40,14,9,8,6,8
41,16,9,7,9,7
42,14,9,7,7,7
43,14,9,7,7,7
44,14,9,7,7,7
45,14,9,6,8,6
46,12,9,7,5,7
47,14,9,6,8,6
48,12,9,8,4,8
49,16,9,7,9,7
50,14,9,8,6,8
1,2,10,2,0,2
2,4,10,3,1,3
3,6,10,4,2,4
4,8,10,4,4,4
5,8,10,4,4,4
6,8,10,7,1,7
7,14,10,7,7,7
8,14,10,9,5,9
9,18,10,5,13,5
10,10,10,5,5,5
11,10,10,5,5,5
12,10,10,7,3,7
13,14,10,9,5,9
14,18,10,7,11,7
15,14,10,8,6,8
16,16,10,9,7,9
17,18,10,8,10,8
18,16,10,9,7,9
19,18,10,7,11,7
20,14,10,7,7,7
21,14,10,8,6,8
22,16,10,8,8,8
23,16,10,7,9,7
24,14,10,8,6,8
25,16,10,8,8,8
26,16,10,9,7,9
27,18,10,8,10,8
28,16,10,8,8,8
29,16,10,8,8,8
30,16,10,8,8,8
31,16,10,9,7,9
32,18,10,9,9,9
33,18,10,9,9,9
34,18,10,8,10,8
35,16,10,4,12,4
36,8,10,5,3,5
37,10,10,7,3,7
38,14,10,9,5,9
39,18,10,9,9,9
40,18,10,8,10,8
41,16,10,6,10,6
42,12,10,8,4,8
43,16,10,8,8,8
44,16,10,9,7,9
45,18,10,7,11,7
46,14,10,9,5,9
47,18,10,9,9,9
48,18,10,8,10,8
49,16,10,5,11,5
50,10,10,7,3,7
1,2,11,2,0,2
2,4,11,4,0,4
3,8,11,6,2,6
4,12,11,8,4,8
5,16,11,8,8,8
6,16,11,8,8,8
7,16,11,5,11,5
8,10,11,6,4,6
9,12,11,6,6,6
10,12,11,7,5,7
11,14,11,8,6,8
12,16,11,8,8,8
13,16,11,7,9,7
14,14,11,8,6,8
15,16,11,6,10,6
16,12,11,8,4,8
17,16,11,11,5,11
18,22,11,8,14,8
19,16,11,8,8,8
20,16,11,10,6,10
21,20,11,9,11,9
22,18,11,10,8,10
23,20,11,9,11,9
24,18,11,9,9,9
25,18,11,8,10,8
26,16,11,5,11,5
27,10,11,5,5,5
28,10,11,6,4,6
29,12,11,8,4,8
30,16,11,10,6,10
31,20,11,10,10,10
32,20,11,6,14,6
33,12,11,7,5,7
34,14,11,9,5,9
35,18,11,8,10,8
36,16,11,9,7,9
37,18,11,8,10,8
38,16,11,7,9,7
39,14,11,8,6,8
40,16,11,7,9,7
41,14,11,7,7,7
42,14,11,8,6,8
43,16,11,6,10,6
44,12,11,9,3,9
45,18,11,10,8,10
46,20,11,7,13,7
47,14,11,9,5,9
48,18,11,9,9,9
49,18,11,10,8,10
50,20,11,9,11,9
1,2,12,2,0,2
2,4,12,4,0,4
3,8,12,7,1,7
4,14,12,9,5,9
5,18,12,9,9,9
6,18,12,8,10,8
7,16,12,7,9,7
8,14,12,8,6,8
9,16,12,11,5,11
10,22,12,11,11,11
11,22,12,7,15,7
12,14,12,9,5,9
13,18,12,9,9,9
14,18,12,10,8,10
15,20,12,9,11,9
16,18,12,9,9,9
17,18,12,10,8,10
18,20,12,9,11,9
19,18,12,9,9,9
20,18,12,10,8,10
21,20,12,10,10,10
22,20,12,8,12,8
23,16,12,10,6,10
24,20,12,10,10,10
25,20,12,9,11,9
26,18,12,8,10,8
27,16,12,8,8,8
28,16,12,11,5,11
29,22,12,10,12,10
30,20,12,8,12,8
31,16,12,8,8,8
32,16,12,11,5,11
33,22,12,9,13,9
34,18,12,9,9,9
35,18,12,9,9,9
36,18,12,7,11,7
37,14,12,10,4,10
38,20,12,9,11,9
39,18,12,11,7,11
40,22,12,11,11,11
41,22,12,10,12,10
42,20,12,9,11,9
43,18,12,6,12,6
44,12,12,9,3,9
45,18,12,9,9,9
46,18,12,8,10,8
47,16,12,9,7,9
48,18,12,10,8,10
49,20,12,11,9,11
50,22,12,10,12,10
1,2,13,1,1,1
2,2,13,2,0,2
3,4,13,3,1,3
4,6,13,5,1,5
5,10,13,7,3,7
6,14,13,10,4,10
7,20,13,9,11,9
8,18,13,10,8,10
9,20,13,9,11,9
10,18,13,7,11,7
11,14,13,10,4,10
12,20,13,9,11,9
13,18,13,8,10,8
14,16,13,7,9,7
15,14,13,8,6,8
16,16,13,11,5,11
17,22,13,10,12,10
18,20,13,9,11,9
19,18,13,11,7,11
20,22,13,10,12,10
21,20,13,9,11,9
22,18,13,9,9,9
23,18,13,9,9,9
24,18,13,10,8,10
25,20,13,12,8,12
26,24,13,11,13,11
27,22,13,8,14,8
28,16,13,12,4,12
29,24,13,10,14,10
30,20,13,10,10,10
31,20,13,8,12,8
32,16,13,6,10,6
33,12,13,8,4,8
34,16,13,11,5,11
35,22,13,8,14,8
36,16,13,10,6,10
37,20,13,11,9,11
38,22,13,12,10,12
39,24,13,11,13,11
40,22,13,10,12,10
41,20,13,10,10,10
42,20,13,9,11,9
43,18,13,10,8,10
44,20,13,7,13,7
45,14,13,10,4,10
46,20,13,8,12,8
47,16,13,11,5,11
48,22,13,9,13,9
49,18,13,9,9,9
50,18,13,10,8,10
1,2,14,2,0,2
2,4,14,4,0,4
3,8,14,7,1,7
4,14,14,9,5,9
5,18,14,11,7,11
6,22,14,10,12,10
7,20,14,11,9,11
8,22,14,10,12,10
9,20,14,12,8,12
10,24,14,8,16,8
11,16,14,7,9,7
12,14,14,10,4,10
13,20,14,11,9,11
14,22,14,9,13,9
15,18,14,9,9,9
16,18,14,10,8,10
17,20,14,9,11,9
18,18,14,10,8,10
19,20,14,11,9,11
20,22,14,9,13,9
21,18,14,10,8,10
22,20,14,10,10,10
23,20,14,11,9,11
24,22,14,10,12,10
25,20,14,8,12,8
26,16,14,8,8,8
27,16,14,8,8,8
28,16,14,9,7,9
29,18,14,7,11,7
30,14,14,11,3,11
31,22,14,10,12,10
32,20,14,12,8,12
33,24,14,10,14,10
34,20,14,12,8,12
35,24,14,9,15,9
36,18,14,9,9,9
37,18,14,11,7,11
38,22,14,11,11,11
39,22,14,11,11,11
40,22,14,11,11,11
41,22,14,11,11,11
42,22,14,11,11,11
43,22,14,10,12,10
44,20,14,10,10,10
45,20,14,12,8,12
46,24,14,11,13,11
47,22,14,11,11,11
48,22,14,12,10,12
49,24,14,12,12,12
50,24,14,10,14,10
1,2,15,2,0,2
2,4,15,4,0,4
3,8,15,7,1,7
4,14,15,8,6,8
5,16,15,10,6,10
6,20,15,9,11,9
7,18,15,13,5,13
8,26,15,12,14,12
9,24,15,11,13,11
10,22,15,10,12,10
11,20,15,10,10,10
12,20,15,11,9,11
13,22,15,9,13,9
14,18,15,9,9,9
15,18,15,11,7,11
16,22,15,12,10,12
17,24,15,12,12,12
18,24,15,11,13,11
19,22,15,11,11,11
20,22,15,12,10,12
21,24,15,10,14,10
22,20,15,10,10,10
23,20,15,11,9,11
24,22,15,12,10,12
25,24,15,12,12,12
26,24,15,11,13,11
27,22,15,8,14,8
28,16,15,11,5,11
29,22,15,11,11,11
30,22,15,11,11,11
31,22,15,12,10,12
32,24,15,11,13,11
33,22,15,9,13,9
34,18,15,10,8,10
35,20,15,10,10,10
36,20,15,11,9,11
37,22,15,13,9,13
38,26,15,10,16,10
39,20,15,12,8,12
40,24,15,13,11,13
41,26,15,10,16,10
42,20,15,12,8,12
43,24,15,12,12,12
44,24,15,9,15,9
45,18,15,10,8,10
46,20,15,9,11,9
47,18,15,10,8,10
48,20,15,12,8,12
49,24,15,12,12,12
50,24,15,8,16,8
1,2,16,2,0,2
2,4,16,3,1,3
3,6,16,6,0,6
4,12,16,11,1,11
5,22,16,9,13,9
6,18,16,11,7,11
7,22,16,13,9,13
8,26,16,13,13,13
9,26,16,11,15,11
10,22,16,11,11,11
11,22,16,10,12,10
12,20,16,11,9,11
13,22,16,11,11,11
14,22,16,13,9,13
15,26,16,12,14,12
16,24,16,13,11,13
17,26,16,10,16,10
18,20,16,10,10,10
19,20,16,12,8,12
20,24,16,11,13,11
21,22,16,9,13,9
22,18,16,10,8,10
23,20,16,12,8,12
24,24,16,14,10,14
25,28,16,13,15,13
26,26,16,12,14,12
27,24,16,13,11,13
28,26,16,9,17,9
29,18,16,13,5,13
30,26,16,13,13,13
31,26,16,12,14,12
32,24,16,10,14,10
33,20,16,8,12,8
34,16,16,9,7,9
35,18,16,9,9,9
36,18,16,13,5,13
37,26,16,13,13,13
38,26,16,12,14,12
39,24,16,12,12,12
40,24,16,11,13,11
41,22,16,12,10,12
42,24,16,14,10,14
43,28,16,11,17,11
44,22,16,14,8,14
45,28,16,12,16,12
46,24,16,11,13,11
47,22,16,13,9,13
48,26,16,12,14,12
49,24,16,11,13,11
50,22,16,11,11,11
1,2,17,2,0,2
2,4,17,4,0,4
3,8,17,8,0,8
4,16,17,9,7,9
5,18,17,11,7,11
6,22,17,12,10,12
7,24,17,12,12,12
8,24,17,13,11,13
9,26,17,11,15,11
10,22,17,12,10,12
11,24,17,12,12,12
12,24,17,10,14,10
13,20,17,14,6,14
14,28,17,14,14,14
15,28,17,8,20,8
16,16,17,10,6,10
17,20,17,12,8,12
18,24,17,11,13,11
19,22,17,13,9,13
20,26,17,14,12,14
21,28,17,14,14,14
22,28,17,14,14,14
23,28,17,14,14,14
24,28,17,10,18,10
25,20,17,9,11,9
26,18,17,10,8,10
27,20,17,12,8,12
28,24,17,10,14,10
29,20,17,13,7,13
30,26,17,11,15,11
31,22,17,14,8,14
32,28,17,13,15,13
33,26,17,13,13,13
34,26,17,12,14,12
35,24,17,14,10,14
36,28,17,12,16,12
37,24,17,11,13,11
38,22,17,12,10,12
39,24,17,9,15,9
40,18,17,12,6,12
41,24,17,11,13,11
42,22,17,11,11,11
43,22,17,12,10,12
44,24,17,12,12,12
45,24,17,11,13,11
46,22,17,13,9,13
47,26,17,13,13,13
48,26,17,13,13,13
49,26,17,12,14,12
50,24,17,12,12,12
1,2,18,2,0,2
2,4,18,4,0,4
3,8,18,7,1,7
4,14,18,10,4,10
5,20,18,12,8,12
6,24,18,10,14,10
7,20,18,13,7,13
8,26,18,15,11,15
9,30,18,12,18,12
10,24,18,12,12,12
11,24,18,9,15,9
12,18,18,13,5,13
13,26,18,11,15,11
14,22,18,11,11,11
15,22,18,14,8,14
16,28,18,15,13,15
17,30,18,13,17,13
18,26,18,15,11,15
19,30,18,14,16,14
20,28,18,14,14,14
21,28,18,14,14,14
22,28,18,12,16,12
23,24,18,10,14,10
24,20,18,12,8,12
25,24,18,12,12,12
26,24,18,13,11,13
27,26,18,13,13,13
28,26,18,14,12,14
29,28,18,14,14,14
30,28,18,14,14,14
31,28,18,13,15,13
32,26,18,13,13,13
33,26,18,14,12,14
34,28,18,12,16,12
35,24,18,12,12,12
36,24,18,14,10,14
37,28,18,12,16,12
38,24,18,13,11,13
39,26,18,11,15,11
40,22,18,15,7,15
41,30,18,13,17,13
42,26,18,12,14,12
43,24,18,10,14,10
44,20,18,12,8,12
45,24,18,12,12,12
46,24,18,14,10,14
47,28,18,14,14,14
48,28,18,17,11,17
49,34,18,15,19,15
50,30,18,12,18,12
1,2,19,2,0,2
2,4,19,4,0,4
3,8,19,8,0,8
4,16,19,12,4,12
5,24,19,15,9,15
6,30,19,16,14,16
7,32,19,12,20,12
8,24,19,13,11,13
9,26,19,12,14,12
10,24,19,11,13,11
11,22,19,12,10,12
12,24,19,13,11,13
13,26,19,13,13,13
14,26,19,13,13,13
15,26,19,11,15,11
16,22,19,10,12,10
17,20,19,13,7,13
18,26,19,14,12,14
19,28,19,11,17,11
20,22,19,14,8,14
21,28,19,17,11,17
22,34,19,13,21,13
23,26,19,14,12,14
24,28,19,12,16,12
25,24,19,11,13,11
26,22,19,13,9,13
27,26,19,12,14,12
28,24,19,11,13,11
29,22,19,11,11,11
30,22,19,10,12,10
31,20,19,15,5,15
32,30,19,14,16,14
33,28,19,15,13,15
34,30,19,13,17,13
35,26,19,12,14,12
36,24,19,15,9,15
37,30,19,14,16,14
38,28,19,15,13,15
39,30,19,15,15,15
40,30,19,12,18,12
41,24,19,13,11,13
42,26,19,14,12,14
43,28,19,13,15,13
44,26,19,14,12,14
45,28,19,14,14,14
46,28,19,13,15,13
47,26,19,14,12,14
48,28,19,17,11,17
49,34,19,14,20,14
50,28,19,15,13,15
1,2,20,2,0,2
2,4,20,4,0,4
3,8,20,8,0,8
4,16,20,11,5,11
5,22,20,14,8,14
6,28,20,12,16,12
7,24,20,12,12,12
8,24,20,14,10,14
9,28,20,13,15,13
10,26,20,15,11,15
11,30,20,14,16,14
12,28,20,15,13,15
13,30,20,12,18,12
14,24,20,13,11,13
15,26,20,14,12,14
16,28,20,12,16,12
17,24,20,13,11,13
18,26,20,14,12,14
19,28,20,14,14,14
20,28,20,17,11,17
21,34,20,16,18,16
22,32,20,16,16,16
23,32,20,14,18,14
24,28,20,14,14,14
25,28,20,14,14,14
26,28,20,15,13,15
27,30,20,15,15,15
28,30,20,15,15,15
29,30,20,13,17,13
30,26,20,14,12,14
31,28,20,10,18,10
32,20,20,15,5,15
33,30,20,13,17,13
34,26,20,13,13,13
35,26,20,16,10,16
36,32,20,12,20,12
37,24,20,14,10,14
38,28,20,15,13,15
39,30,20,13,17,13
40,26,20,14,12,14
41,28,20,12,16,12
42,24,20,15,9,15
43,30,20,14,16,14
44,28,20,14,14,14
45,28,20,13,15,13
46,26,20,17,9,17
47,34,20,16,18,16
48,32,20,16,16,16
49,32,20,18,14,18
50,36,20,14,22,14
1,2,21,2,0,2
2,4,21,4,0,4
3,8,21,8,0,8
4,16,21,15,1,15
5,30,21,18,12,18
6,36,21,18,18,18
7,36,21,15,21,15
8,30,21,15,15,15
9,30,21,18,12,18
10,36,21,12,24,12
11,24,21,13,11,13
12,26,21,14,12,14
13,28,21,13,15,13
14,26,21,13,13,13
15,26,21,11,15,11
16,22,21,15,7,15
17,30,21,15,15,15
18,30,21,15,15,15
19,30,21,12,18,12
20,24,21,16,8,16
21,32,21,13,19,13
22,26,21,12,14,12
23,24,21,15,9,15
24,30,21,17,13,17
25,34,21,18,16,18
26,36,21,16,20,16
27,32,21,13,19,13
28,26,21,15,11,15
29,30,21,14,16,14
30,28,21,16,12,16
31,32,21,15,17,15
32,30,21,17,13,17
33,34,21,15,19,15
34,30,21,14,16,14
35,28,21,17,11,17
36,34,21,14,20,14
37,28,21,14,14,14
38,28,21,14,14,14
39,28,21,10,18,10
40,20,21,16,4,16
41,32,21,14,18,14
42,28,21,16,12,16
43,32,21,14,18,14
44,28,21,15,13,15
45,30,21,14,16,14
46,28,21,14,14,14
47,28,21,15,13,15
48,30,21,16,14,16
49,32,21,16,16,16
50,32,21,16,16,16
1,2,22,2,0,2
2,4,22,4,0,4
3,8,22,8,0,8
4,16,22,13,3,13
5,26,22,16,10,16
6,32,22,15,17,15
7,30,22,16,14,16
8,32,22,19,13,19
9,38,22,15,23,15
10,30,22,14,16,14
11,28,22,10,18,10
12,20,22,14,6,14
13,28,22,13,15,13
14,26,22,15,11,15
15,30,22,16,14,16
16,32,22,17,15,17
17,34,22,15,19,15
18,30,22,13,17,13
19,26,22,15,11,15
20,30,22,14,16,14
21,28,22,13,15,13
22,26,22,15,11,15
23,30,22,15,15,15
24,30,22,14,16,14
25,28,22,16,12,16
26,32,22,19,13,19
27,38,22,15,23,15
28,30,22,14,16,14
29,28,22,15,13,15
30,30,22,15,15,15
31,30,22,13,17,13
32,26,22,12,14,12
33,24,22,17,7,17
34,34,22,18,16,18
35,36,22,14,22,14
36,28,22,16,12,16
37,32,22,15,17,15
38,30,22,19,11,19
39,38,22,13,25,13
40,26,22,14,12,14
41,28,22,12,16,12
42,24,22,17,7,17
43,34,22,12,22,12
44,24,22,14,10,14
45,28,22,17,11,17
46,34,22,16,18,16
47,32,22,15,17,15
48,30,22,16,14,16
49,32,22,13,19,13
50,26,22,12,14,12
1,2,23,2,0,2
2,4,23,4,0,4
3,8,23,7,1,7
4,14,23,14,0,14
5,28,23,15,13,15
6,30,23,18,12,18
7,36,23,15,21,15
8,30,23,12,18,12
9,24,23,12,12,12
10,24,23,14,10,14
11,28,23,16,12,16
12,32,23,13,19,13
13,26,23,14,12,14
14,28,23,15,13,15
15,30,23,13,17,13
16,26,23,15,11,15
17,30,23,16,14,16
18,32,23,16,16,16
19,32,23,19,13,19
20,38,23,17,21,17
21,34,23,16,18,16
22,32,23,14,18,14
23,28,23,12,16,12
24,24,23,12,12,12
25,24,23,15,9,15
26,30,23,16,14,16
27,32,23,13,19,13
28,26,23,13,13,13
29,26,23,15,11,15
30,30,23,15,15,15
31,30,23,15,15,15
32,30,23,17,13,17
33,34,23,15,19,15
34,30,23,16,14,16
35,32,23,17,15,17
36,34,23,16,18,16
37,32,23,17,15,17
38,34,23,17,17,17
39,34,23,17,17,17
40,34,23,14,20,14
41,28,23,16,12,16
42,32,23,17,15,17
43,34,23,15,19,15
44,30,23,16,14,16
45,32,23,18,14,18
46,36,23,15,21,15
47,30,23,16,14,16
48,32,23,16,16,16
49,32,23,17,15,17
50,34,23,20,14,20
1,2,24,2,0,2
2,4,24,4,0,4
3,8,24,7,1,7
4,14,24,11,3,11
5,22,24,16,6,16
6,32,24,16,16,16
7,32,24,12,20,12
8,24,24,15,9,15
9,30,24,16,14,16
10,32,24,18,14,18
11,36,24,16,20,16
12,32,24,13,19,13
13,26,24,18,8,18
14,36,24,19,17,19
15,38,24,15,23,15
16,30,24,19,11,19
17,38,24,16,22,16
18,32,24,15,17,15
19,30,24,15,15,15
20,30,24,14,16,14
21,28,24,13,15,13
22,26,24,18,8,18
23,36,24,12,24,12
24,24,24,11,13,11
25,22,24,16,6,16
26,32,24,16,16,16
27,32,24,18,14,18
28,36,24,15,21,15
29,30,24,14,16,14
30,28,24,14,14,14
31,28,24,16,12,16
32,32,24,16,16,16
33,32,24,16,16,16
34,32,24,16,16,16
35,32,24,14,18,14
36,28,24,14,14,14
37,28,24,17,11,17
38,34,24,15,19,15
39,30,24,11,19,11
40,22,24,16,6,16
41,32,24,17,15,17
42,34,24,16,18,16
43,32,24,15,17,15
44,30,24,14,16,14
45,28,24,16,12,16
46,32,24,16,16,16
47,32,24,15,17,15
48,30,24,18,12,18
49,36,24,13,23,13
50,26,24,17,9,17
1,2,25,1,1,1
2,2,25,2,0,2
3,4,25,4,0,4
4,8,25,8,0,8
5,16,25,11,5,11
6,22,25,17,5,17
7,34,25,17,17,17
8,34,25,19,15,19
9,38,25,16,22,16
10,32,25,16,16,16
11,32,25,15,17,15
12,30,25,15,15,15
13,30,25,14,16,14
14,28,25,16,12,16
15,32,25,18,14,18
16,36,25,19,17,19
17,38,25,17,21,17
18,34,25,19,15,19
19,38,25,15,23,15
20,30,25,15,15,15
21,30,25,18,12,18
22,36,25,19,17,19
23,38,25,15,23,15
24,30,25,15,15,15
25,30,25,15,15,15
26,30,25,17,13,17
27,34,25,18,16,18
28,36,25,18,18,18
29,36,25,15,21,15
30,30,25,15,15,15
31,30,25,19,11,19
32,38,25,15,23,15
33,30,25,16,14,16
34,32,25,18,14,18
35,36,25,21,15,21
36,42,25,18,24,18
37,36,25,18,18,18
38,36,25,18,18,18
39,36,25,14,22,14
40,28,25,15,13,15
41,30,25,19,11,19
42,38,25,18,20,18
43,36,25,19,17,19
44,38,25,15,23,15
45,30,25,13,17,13
46,26,25,15,11,15
47,30,25,16,14,16
48,32,25,18,14,18
49,36,25,18,18,18
50,36,25,13,23,13
1,2,26,2,0,2
2,4,26,4,0,4
3,8,26,8,0,8
4,16,26,13,3,13
5,26,26,15,11,15
6,30,26,19,11,19
7,38,26,17,21,17
8,34,26,17,17,17
9,34,26,18,16,18
10,36,26,16,20,16
11,32,26,20,12,20
12,40,26,20,20,20
13,40,26,24,16,24
14,48,26,14,34,14
15,28,26,18,10,18
16,36,26,15,21,15
17,30,26,16,14,16
18,32,26,20,12,20
19,40,26,18,22,18
20,36,26,17,19,17
21,34,26,16,18,16
22,32,26,17,15,17
23,34,26,16,18,16
24,32,26,18,14,18
25,36,26,17,19,17
26,34,26,15,19,15
27,30,26,15,15,15
28,30,26,19,11,19
29,38,26,14,24,14
30,28,26,16,12,16
31,32,26,16,16,16
32,32,26,17,15,17
33,34,26,19,15,19
34,38,26,15,23,15
35,30,26,18,12,18
36,36,26,19,17,19
37,38,26,14,24,14
38,28,26,15,13,15
39,30,26,16,14,16
40,32,26,14,18,14
41,28,26,19,9,19
42,38,26,19,19,19
43,38,26,20,18,20
44,40,26,17,23,17
45,34,26,18,16,18
46,36,26,16,20,16
47,32,26,16,16,16
48,32,26,15,17,15
49,30,26,16,14,16
50,32,26,17,15,17
1,2,27,2,0,2
2,4,27,4,0,4
3,8,27,8,0,8
4,16,27,14,2,14
5,28,27,16,12,16
6,32,27,17,15,17
7,34,27,16,18,16
8,32,27,16,16,16
9,32,27,17,15,17
10,34,27,21,13,21
11,42,27,20,22,20
12,40,27,13,27,13
13,26,27,19,7,19
14,38,27,21,17,21
15,42,27,17,25,17
16,34,27,16,18,16
17,32,27,19,13,19
18,38,27,20,18,20
19,40,27,15,25,15
20,30,27,14,16,14
21,28,27,16,12,16
22,32,27,16,16,16
23,32,27,19,13,19
24,38,27,16,22,16
25,32,27,15,17,15
26,30,27,17,13,17
27,34,27,16,18,16
28,32,27,19,13,19
29,38,27,15,23,15
30,30,27,15,15,15
31,30,27,15,15,15
32,30,27,17,13,17
33,34,27,16,18,16
34,32,27,17,15,17
35,34,27,16,18,16
36,32,27,16,16,16
37,32,27,17,15,17
38,34,27,19,15,19
39,38,27,16,22,16
40,32,27,21,11,21
41,42,27,17,25,17
42,34,27,20,14,20
43,40,27,19,21,19
44,38,27,17,21,17
45,34,27,22,12,22
46,44,27,20,24,20
47,40,27,20,20,20
48,40,27,17,23,17
49,34,27,19,15,19
50,38,27,19,19,19
1,2,28,2,0,2
2,4,28,4,0,4
3,8,28,8,0,8
4,16,28,15,1,15
5,30,28,22,8,22
6,44,28,20,24,20
7,40,28,17,23,17
8,34,28,20,14,20
9,40,28,15,25,15
10,30,28,18,12,18
11,36,28,17,19,17
12,34,28,18,16,18
13,36,28,18,18,18
14,36,28,17,19,17
15,34,28,21,13,21
16,42,28,16,26,16
17,32,28,16,16,16
18,32,28,17,15,17
19,34,28,18,16,18
20,36,28,18,18,18
21,36,28,18,18,18
22,36,28,20,16,20
23,40,28,19,21,19
24,38,28,19,19,19
25,38,28,21,17,21
26,42,28,16,26,16
27,32,28,20,12,20
28,40,28,22,18,22
29,44,28,18,26,18
30,36,28,17,19,17
31,34,28,14,20,14
32,28,28,16,12,16
33,32,28,17,15,17
34,34,28,17,17,17
35,34,28,20,14,20
36,40,28,18,22,18
37,36,28,21,15,21
38,42,28,17,25,17
39,34,28,17,17,17
40,34,28,15,19,15
41,30,28,17,13,17
42,34,28,19,15,19
43,38,28,18,20,18
44,36,28,19,17,19
45,38,28,22,16,22
46,44,28,20,24,20
47,40,28,22,18,22
48,44,28,18,26,18
49,36,28,18,18,18
50,36,28,20,16,20
1,2,29,2,0,2
2,4,29,4,0,4
3,8,29,8,0,8
4,16,29,15,1,15
5,30,29,20,10,20
6,40,29,18,22,18
7,36,29,19,17,19
8,38,29,19,19,19
9,38,29,18,20,18
10,36,29,18,18,18
11,36,29,20,16,20
12,40,29,18,22,18
13,36,29,17,19,17
14,34,29,20,14,20
15,40,29,22,18,22
16,44,29,19,25,19
17,38,29,16,22,16
18,32,29,20,12,20
19,40,29,15,25,15
20,30,29,18,12,18
21,36,29,18,18,18
22,36,29,15,21,15
23,30,29,20,10,20
24,40,29,21,19,21
25,42,29,15,27,15
26,30,29,15,15,15
27,30,29,17,13,17
28,34,29,18,16,18
29,36,29,17,19,17
30,34,29,15,19,15
31,30,29,17,13,17
32,34,29,20,14,20
33,40,29,17,23,17
34,34,29,15,19,15
35,30,29,21,9,21
36,42,29,20,22,20
37,40,29,18,22,18
38,36,29,20,16,20
39,40,29,17,23,17
40,34,29,20,14,20
41,40,29,17,23,17
42,34,29,18,16,18
43,36,29,21,15,21
44,42,29,19,23,19
45,38,29,20,18,20
46,40,29,17,23,17
47,34,29,20,14,20
48,40,29,18,22,18
49,36,29,17,19,17
50,34,29,18,16,18
1,2,30,2,0,2
2,4,30,4,0,4
3,8,30,8,0,8
4,16,30,16,0,16
5,32,30,21,11,21
6,42,30,20,22,20
7,40,30,20,20,20
8,40,30,15,25,15
9,30,30,18,12,18
10,36,30,20,16,20
11,40,30,19,21,19
12,38,30,20,18,20
13,40,30,21,19,21
14,42,30,17,25,17
15,34,30,19,15,19
16,38,30,19,19,19
17,38,30,20,18,20
18,40,30,25,15,25
19,50,30,17,33,17
20,34,30,20,14,20
21,40,30,19,21,19
22,38,30,17,21,17
23,34,30,21,13,21
24,42,30,20,22,20
25,40,30,18,22,18
26,36,30,19,17,19
27,38,30,22,16,22
28,44,30,21,23,21
29,42,30,17,25,17
30,34,30,19,15,19
31,38,30,20,18,20
32,40,30,20,20,20
33,40,30,20,20,20
34,40,30,18,22,18
35,36,30,20,16,20
36,40,30,21,19,21
37,42,30,22,20,22
38,44,30,15,29,15
39,30,30,17,13,17
40,34,30,16,18,16
41,32,30,17,15,17
42,34,30,18,16,18
43,36,30,16,20,16
44,32,30,18,14,18
45,36,30,16,20,16
46,32,30,19,13,19
47,38,30,20,18,20
48,40,30,22,18,22
49,44,30,18,26,18
50,36,30,19,17,19
1,2,31,2,0,2
2,4,31,4,0,4
3,8,31,8,0,8
4,16,31,14,2,14
5,28,31,16,12,16
6,32,31,19,13,19
7,38,31,17,21,17
8,34,31,23,11,23
9,46,31,24,22,24
10,48,31,20,28,20
11,40,31,23,17,23
12,46,31,20,26,20
13,40,31,21,19,21
14,42,31,20,22,20
15,40,31,21,19,21
16,42,31,21,21,21
17,42,31,22,20,22
18,44,31,24,20,24
19,48,31,17,31,17
20,34,31,14,20,14
21,28,31,18,10,18
22,36,31,18,18,18
23,36,31,19,17,19
24,38,31,13,25,13
25,26,31,15,11,15
26,30,31,16,14,16
27,32,31,19,13,19
28,38,31,20,18,20
29,40,31,21,19,21
30,42,31,23,19,23
31,46,31,18,28,18
32,36,31,20,16,20
33,40,31,19,21,19
34,38,31,19,19,19
35,38,31,15,23,15
36,30,31,21,9,21
37,42,31,22,20,22
38,44,31,20,24,20
39,40,31,19,21,19
40,38,31,20,18,20
41,40,31,22,18,22
42,44,31,23,21,23
43,46,31,23,23,23
44,46,31,24,22,24
45,48,31,20,28,20
46,40,31,16,24,16
47,32,31,20,12,20
48,40,31,20,20,20
49,40,31,20,20,20
50,40,31,20,20,20
1,2,32,2,0,2
2,4,32,4,0,4
3,8,32,8,0,8
4,16,32,14,2,14
5,28,32,20,8,20
6,40,32,24,16,24
7,48,32,21,27,21
8,42,32,21,21,21
9,42,32,23,19,23
10,46,32,23,23,23
11,46,32,19,27,19
12,38,32,18,20,18
13,36,32,21,15,21
14,42,32,17,25,17
15,34,32,20,14,20
16,40,32,21,19,21
17,42,32,20,22,20
18,40,32,19,21,19
19,38,32,16,22,16
20,32,32,17,15,17
21,34,32,18,16,18
22,36,32,20,16,20
23,40,32,22,18,22
24,44,32,19,25,19
25,38,32,19,19,19
26,38,32,19,19,19
27,38,32,22,16,22
28,44,32,23,21,23
29,46,32,23,23,23
30,46,32,17,29,17
31,34,32,18,16,18
32,36,32,20,16,20
33,40,32,20,20,20
34,40,32,19,21,19
35,38,32,20,18,20
36,40,32,23,17,23
37,46,32,19,27,19
38,38,32,21,17,21
39,42,32,20,22,20
40,40,32,23,17,23
41,46,32,19,27,19
42,38,32,23,15,23
43,46,32,19,27,19
44,38,32,20,18,20
45,40,32,19,21,19
46,38,32,20,18,20
47,40,32,21,19,21
48,42,32,20,22,20
49,40,32,19,21,19
50,38,32,23,15,23
1,2,33,2,0,2
2,4,33,4,0,4
3,8,33,8,0,8
4,16,33,13,3,13
5,26,33,20,6,20
6,40,33,18,22,18
7,36,33,22,14,22
8,44,33,25,19,25
9,50,33,20,30,20
10,40,33,23,17,23
11,46,33,22,24,22
12,44,33,24,20,24
13,48,33,19,29,19
14,38,33,16,22,16
15,32,33,16,16,16
16,32,33,20,12,20
17,40,33,22,18,22
18,44,33,23,21,23
19,46,33,22,24,22
20,44,33,18,26,18
21,36,33,19,17,19
22,38,33,19,19,19
23,38,33,20,18,20
24,40,33,20,20,20
25,40,33,23,17,23
26,46,33,20,26,20
27,40,33,23,17,23
28,46,33,23,23,23
29,46,33,26,20,26
30,52,33,22,30,22
31,44,33,22,22,22
32,44,33,21,23,21
33,42,33,20,22,20
34,40,33,20,20,20
35,40,33,17,23,17
36,34,33,18,16,18
37,36,33,17,19,17
38,34,33,18,16,18
39,36,33,17,19,17
40,34,33,17,17,17
41,34,33,20,14,20
42,40,33,20,20,20
43,40,33,18,22,18
44,36,33,23,13,23
45,46,33,22,24,22
46,44,33,21,23,21
47,42,33,21,21,21
48,42,33,18,24,18
49,36,33,20,16,20
50,40,33,18,22,18
1,2,34,2,0,2
2,4,34,4,0,4
3,8,34,8,0,8
4,16,34,14,2,14
5,28,34,17,11,17
6,34,34,23,11,23
7,46,34,19,27,19
8,38,34,18,20,18
9,36,34,18,18,18
10,36,34,18,18,18
11,36,34,18,18,18
12,36,34,19,17,19
13,38,34,19,19,19
14,38,34,21,17,21
15,42,34,16,26,16
16,32,34,18,14,18
17,36,34,15,21,15
18,30,34,17,13,17
19,34,34,23,11,23
20,46,34,21,25,21
21,42,34,19,23,19
22,38,34,17,21,17
23,34,34,20,14,20
24,40,34,23,17,23
25,46,34,20,26,20
26,40,34,21,19,21
27,42,34,19,23,19
28,38,34,20,18,20
29,40,34,23,17,23
30,46,34,22,24,22
31,44,34,23,21,23
32,46,34,23,23,23
33,46,34,23,23,23
34,46,34,27,19,27
35,54,34,22,32,22
36,44,34,24,20,24
37,48,34,19,29,19
38,38,34,18,20,18
39,36,34,17,19,17
40,34,34,23,11,23
41,46,34,25,21,25
42,50,34,21,29,21
43,42,34,21,21,21
44,42,34,24,18,24
45,48,34,20,28,20
46,40,34,22,18,22
47,44,34,22,22,22
48,44,34,21,23,21
49,42,34,21,21,21
50,42,34,24,18,24
1,2,35,2,0,2
2,4,35,4,0,4
3,8,35,8,0,8
4,16,35,13,3,13
5,26,35,20,6,20
6,40,35,19,21,19
7,38,35,22,16,22
8,44,35,21,23,21
9,42,35,26,16,26
10,52,35,23,29,23
11,46,35,24,22,24
12,48,35,21,27,21
13,42,35,21,21,21
14,42,35,24,18,24
15,48,35,25,23,25
16,50,35,24,26,24
17,48,35,20,28,20
18,40,35,24,16,24
19,48,35,22,26,22
20,44,35,23,21,23
21,46,35,22,24,22
22,44,35,22,22,22
23,44,35,22,22,22
24,44,35,19,25,19
25,38,35,21,17,21
26,42,35,23,19,23
27,46,35,20,26,20
28,40,35,23,17,23
29,46,35,21,25,21
30,42,35,26,16,26
31,52,35,21,31,21
32,42,35,23,19,23
33,46,35,23,23,23
34,46,35,21,25,21
35,42,35,18,24,18
36,36,35,20,16,20
37,40,35,21,19,21
38,42,35,21,21,21
39,42,35,21,21,21
40,42,35,26,16,26
41,52,35,21,31,21
42,42,35,23,19,23
43,46,35,24,22,24
44,48,35,22,26,22
45,44,35,21,23,21
46,42,35,22,20,22
47,44,35,19,25,19
48,38,35,21,17,21
49,42,35,17,25,17
50,34,35,21,13,21
1,2,36,0,2,0
1,2,37,2,0,2
2,4,37,4,0,4
3,8,37,8,0,8
4,16,37,16,0,16
1,3,5,2,1,2
2,2,5,2,0,2
3,2,5,2,0,2
4,2,5,2,0,2
5,2,5,2,0,2
6,2,5,1,1,1
7,2,5,2,0,2
8,2,5,2,0,2
9,2,5,1,1,1
10,1,5,1,0,1
11,2,5,2,0,2
12,3,5,2,1,2
13,3,5,3,0,3
14,4,5,3,1,3
15,4,5,4,0,4
16,5,5,3,2,3
17,4,5,3,1,3
18,4,5,3,1,3
19,4,5,1,3,1
20,1,5,1,0,1
21,2,5,1,1,1
22,1,5,1,0,1
23,2,5,0,2,0
24,0,0,0,0,0
25,0,0,0,0,0
26,0,0,0,0,0
27,0,0,0,0,0
28,0,0,0,0,0
29,0,0,0,0,0
30,0,0,0,0,0
31,0,0,0,0,0
32,0,0,0,0,0
33,0,0,0,0,0
34,0,0,0,0,0
35,0,0,0,0,0
36,0,0,0,0,0
37,0,0,0,0,0
38,0,0,0,0,0
39,0,0,0,0,0
40,0,0,0,0,0
41,0,0,0,0,0
42,0,0,0,0,0
43,0,0,0,0,0
44,0,0,0,0,0
45,0,0,0,0,0
46,0,0,0,0,0
47,0,0,0,0,0
48,0,0,0,0,0
49,0,0,0,0,0
50,0,0,0,0,0
1,3,6,2,1,2
2,2,6,2,0,2
3,3,6,1,2,1
4,1,6,1,0,1
5,2,6,2,0,2
6,3,6,3,0,3
7,4,6,3,1,3
8,3,6,3,0,3
9,4,6,3,1,3
10,5,6,3,2,3
11,4,6,3,1,3
12,4,6,3,1,3
13,4,6,2,2,2
14,3,6,2,1,2
15,2,6,2,0,2
16,2,6,2,0,2
17,3,6,2,1,2
18,3,6,3,0,3
19,3,6,3,0,3
20,3,6,2,1,2
21,3,6,2,1,2
22,2,6,2,0,2
23,3,6,2,1,2
24,2,6,1,1,1
25,1,6,0,1,0
26,0,0,0,0,0
27,0,0,0,0,0
28,0,0,0,0,0
29,0,0,0,0,0
30,0,0,0,0,0
31,0,0,0,0,0
32,0,0,0,0,0
33,0,0,0,0,0
34,0,0,0,0,0
35,0,0,0,0,0
36,0,0,0,0,0
37,0,0,0,0,0
38,0,0,0,0,0
39,0,0,0,0,0
40,0,0,0,0,0
41,0,0,0,0,0
42,0,0,0,0,0
43,0,0,0,0,0
44,0,0,0,0,0
45,0,0,0,0,0
46,0,0,0,0,0
47,0,0,0,0,0
48,0,0,0,0,0
49,0,0,0,0,0
50,0,0,0,0,0
1,3,7,2,1,2
2,2,7,2,0,2
3,4,7,3,1,3
4,4,7,2,2,2
5,3,7,3,0,3
6,4,7,3,1,3
7,3,7,3,0,3
8,3,7,3,0,3
9,4,7,2,2,2
10,4,7,3,1,3
11,3,7,3,0,3
12,3,7,3,0,3
13,3,7,3,0,3
14,3,7,2,1,2
15,2,7,2,0,2
16,4,7,3,1,3
17,4,7,3,1,3
18,6,7,3,3,3
19,4,7,4,0,4
20,5,7,3,2,3
21,3,7,2,1,2
22,2,7,2,0,2
23,2,7,2,0,2
24,3,7,2,1,2
25,2,7,1,1,1
26,2,7,2,0,2
27,2,7,2,0,2
28,2,7,1,1,1
29,1,7,1,0,1
30,1,7,1,0,1
31,2,7,2,0,2
32,2,7,1,1,1
33,2,7,2,0,2
34,3,7,3,0,3
35,5,7,3,2,3
36,5,7,4,1,4
37,4,7,4,0,4
38,5,7,3,2,3
39,4,7,3,1,3
40,5,7,1,4,1
41,1,7,1,0,1
42,1,7,1,0,1
43,1,7,1,0,1
44,2,7,2,0,2
45,3,7,2,1,2
46,3,7,2,1,2
47,2,7,2,0,2
48,2,7,2,0,2
49,3,7,3,0,3
50,4,7,3,1,3
1,3,8,3,0,3
2,4,8,4,0,4
3,5,8,3,2,3
4,5,8,3,2,3
5,4,8,4,0,4
6,5,8,5,0,5
7,6,8,3,3,3
8,6,8,5,1,5
9,6,8,4,2,4
10,4,8,3,1,3
11,6,8,6,0,6
12,7,8,4,3,4
13,6,8,5,1,5
14,5,8,4,1,4
15,6,8,5,1,5
16,7,8,5,2,5
17,8,8,6,2,6
18,7,8,5,2,5
19,7,8,6,1,6
20,7,8,3,4,3
21,5,8,5,0,5
22,6,8,3,3,3
23,4,8,4,0,4
24,6,8,4,2,4
25,6,8,4,2,4
26,6,8,4,2,4
27,6,8,5,1,5
28,6,8,4,2,4
29,5,8,4,1,4
30,6,8,3,3,3
31,5,8,3,2,3
32,4,8,4,0,4
33,5,8,3,2,3
34,5,8,4,1,4
35,6,8,3,3,3
36,3,8,3,0,3
37,5,8,4,1,4
38,6,8,5,1,5
39,6,8,6,0,6
40,8,8,5,3,5
41,6,8,5,1,5
42,6,8,4,2,4
43,5,8,3,2,3
44,5,8,4,1,4
45,5,8,4,1,4
46,4,8,4,0,4
47,5,8,4,1,4
48,5,8,2,3,2
49,3,8,3,0,3
50,4,8,4,0,4
1,3,9,3,0,3
2,3,9,3,0,3
3,5,9,5,0,5
4,6,9,4,2,4
5,5,9,4,1,4
6,5,9,3,2,3
7,6,9,4,2,4
8,5,9,5,0,5
9,6,9,3,3,3
10,4,9,3,1,3
11,5,9,4,1,4
12,7,9,5,2,5
13,8,9,7,1,7
14,8,9,8,0,8
15,8,9,7,1,7
16,9,9,5,4,5
17,7,9,4,3,4
18,5,9,5,0,5
19,7,9,6,1,6
20,9,9,6,3,6
21,8,9,6,2,6
22,7,9,6,1,6
23,6,9,5,1,5
24,7,9,5,2,5
25,7,9,3,4,3
26,3,9,3,0,3
27,4,9,3,1,3
28,3,9,3,0,3
29,4,9,4,0,4
30,6,9,5,1,5
31,9,9,6,3,6
32,6,9,6,0,6
33,7,9,4,3,4
34,4,9,4,0,4
35,6,9,3,3,3
36,4,9,3,1,3
37,4,9,4,0,4
38,6,9,5,1,5
39,7,9,5,2,5
40,6,9,5,1,5
41,7,9,5,2,5
42,5,9,4,1,4
43,6,9,6,0,6
44,8,9,5,3,5
45,7,9,5,2,5
46,7,9,6,1,6
47,9,9,6,3,6
48,7,9,5,2,5
49,6,9,4,2,4
50,6,9,3,3,3
1,3,10,3,0,3
2,4,10,3,1,3
3,3,10,2,1,2
4,3,10,3,0,3
5,5,10,5,0,5
6,6,10,5,1,5
7,7,10,6,1,6
8,8,10,4,4,4
9,5,10,5,0,5
10,8,10,7,1,7
11,8,10,6,2,6
12,7,10,5,2,5
13,7,10,5,2,5
14,5,10,5,0,5
15,7,10,5,2,5
16,7,10,4,3,4
17,5,10,4,1,4
18,5,10,5,0,5
19,5,10,5,0,5
20,6,10,5,1,5
21,7,10,7,0,7
22,8,10,6,2,6
23,8,10,4,4,4
24,7,10,5,2,5
25,7,10,4,3,4
26,7,10,6,1,6
27,7,10,4,3,4
28,5,10,2,3,2
29,3,10,3,0,3
30,4,10,4,0,4
31,6,10,4,2,4
32,6,10,5,1,5
33,5,10,5,0,5
34,8,10,4,4,4
35,7,10,5,2,5
36,7,10,6,1,6
37,8,10,6,2,6
38,9,10,6,3,6
39,8,10,7,1,7
40,8,10,7,1,7
41,10,10,2,8,2
1,3,11,3,0,3
2,4,11,4,0,4
3,6,11,5,1,5
4,7,11,5,2,5
5,7,11,6,1,6
6,8,11,7,1,7
1,3,10,3,0,3
2,4,10,3,1,3
3,4,10,2,2,2
4,3,10,3,0,3
5,5,10,4,1,4
6,5,10,4,1,4
7,7,10,6,1,6
8,9,10,6,3,6
9,8,10,7,1,7
10,10,10,8,2,8
11,9,10,8,1,8
12,9,10,8,1,8
13,9,10,5,4,5
14,8,10,6,2,6
15,8,10,6,2,6
16,7,10,4,3,4
17,6,10,5,1,5
18,6,10,4,2,4
19,6,10,5,1,5
20,6,10,5,1,5
21,6,10,6,0,6
22,8,10,6,2,6
23,7,10,6,1,6
24,8,10,6,2,6
25,8,10,7,1,7
26,9,10,6,3,6
27,8,10,7,1,7
28,8,10,7,1,7
29,9,10,7,2,7
30,10,10,7,3,7
31,9,10,7,2,7
32,10,10,6,4,6
33,8,10,6,2,6
34,9,10,7,2,7
35,10,10,8,2,8
36,9,10,6,3,6
37,7,10,5,2,5
38,8,10,6,2,6
39,8,10,5,3,5
40,7,10,4,3,4
41,6,10,4,2,4
42,4,10,4,0,4
43,6,10,5,1,5
44,7,10,6,1,6
45,7,10,6,1,6
46,8,10,4,4,4
47,5,10,5,0,5
48,6,10,4,2,4
49,6,10,6,0,6
50,9,10,6,3,6
1,3,11,3,0,3
2,5,11,4,1,4
3,5,11,5,0,5
4,8,11,7,1,7
5,8,11,7,1,7
6,8,11,8,0,8
7,10,11,8,2,8
8,10,11,8,2,8
9,10,11,7,3,7
10,9,11,6,3,6
11,8,11,6,2,6
12,10,11,7,3,7
13,8,11,6,2,6
14,8,11,6,2,6
15,9,11,5,4,5
16,7,11,6,1,6
17,7,11,7,0,7
18,11,11,8,3,8
19,10,11,7,3,7
20,9,11,6,3,6
21,8,11,6,2,6
22,8,11,4,4,4
23,6,11,5,1,5
24,8,11,6,2,6
25,8,11,6,2,6
26,8,11,6,2,6
27,8,11,7,1,7
28,9,11,6,3,6
29,8,11,4,4,4
30,6,11,5,1,5
31,7,11,5,2,5
32,7,11,7,0,7
33,8,11,4,4,4
34,6,11,6,0,6
35,7,11,6,1,6
36,9,11,7,2,7
37,9,11,7,2,7
38,8,11,6,2,6
39,9,11,4,5,4
40,4,11,3,1,3
41,4,11,3,1,3
42,4,11,4,0,4
43,5,11,5,0,5
44,7,11,6,1,6
45,8,11,7,1,7
46,9,11,8,1,8
47,11,11,7,4,7
48,10,11,5,5,5
49,8,11,6,2,6
50,7,11,6,1,6
1,3,12,3,0,3
2,3,12,3,0,3
3,5,12,4,1,4
4,6,12,5,1,5
5,7,12,5,2,5
6,8,12,7,1,7
7,9,12,8,1,8
8,11,12,8,3,8
9,11,12,7,4,7
10,8,12,6,2,6
11,8,12,8,0,8
12,9,12,6,3,6
13,9,12,7,2,7
14,9,12,8,1,8
15,11,12,6,5,6
16,10,12,8,2,8
17,11,12,6,5,6
18,8,12,6,2,6
19,8,12,6,2,6
20,7,12,6,1,6
21,8,12,5,3,5
22,6,12,6,0,6
23,7,12,6,1,6
24,11,12,10,1,10
25,11,12,6,5,6
26,9,12,7,2,7
27,9,12,7,2,7
28,9,12,7,2,7
29,9,12,9,0,9
30,11,12,7,4,7
31,10,12,7,3,7
32,10,12,7,3,7
33,9,12,7,2,7
34,9,12,9,0,9
35,10,12,5,5,5
36,9,12,8,1,8
37,10,12,8,2,8
38,9,12,6,3,6
39,10,12,8,2,8
40,10,12,4,6,4
41,7,12,7,0,7
42,8,12,7,1,7
43,9,12,7,2,7
44,9,12,7,2,7
45,9,12,6,3,6
46,9,12,7,2,7
47,9,12,8,1,8
48,11,12,8,3,8
49,9,12,7,2,7
50,9,12,4,5,4
1,3,13,3,0,3
2,4,13,4,0,4
3,6,13,5,1,5
4,8,13,7,1,7
5,11,13,8,3,8
6,11,13,7,4,7
7,9,13,8,1,8
8,11,13,8,3,8
9,10,13,8,2,8
10,11,13,6,5,6
11,8,13,8,0,8
12,9,13,8,1,8
13,9,13,6,3,6
14,8,13,7,1,7
15,9,13,6,3,6
16,7,13,5,2,5
17,7,13,7,0,7
18,11,13,9,2,9
19,12,13,7,5,7
20,8,13,7,1,7
21,9,13,6,3,6
22,8,13,8,0,8
23,11,13,8,3,8
24,11,13,9,2,9
25,12,13,8,4,8
26,12,13,8,4,8
27,13,13,8,5,8
28,11,13,7,4,7
29,10,13,8,2,8
30,10,13,7,3,7
31,11,13,10,1,10
32,13,13,7,6,7
33,10,13,8,2,8
34,12,13,8,4,8
35,10,13,7,3,7
36,10,13,6,4,6
37,10,13,8,2,8
38,11,13,8,3,8
39,11,13,8,3,8
40,11,13,9,2,9
41,11,13,9,2,9
42,11,13,8,3,8
43,11,13,9,2,9
44,10,13,9,1,9
45,12,13,9,3,9
46,11,13,9,2,9
47,11,13,9,2,9
48,12,13,7,5,7
49,9,13,8,1,8
50,10,13,8,2,8
1,3,14,3,0,3
2,5,14,5,0,5
3,8,14,7,1,7
4,10,14,7,3,7
5,10,14,8,2,8
6,12,14,9,3,9
7,13,14,9,4,9
8,14,14,8,6,8
9,12,14,9,3,9
10,11,14,7,4,7
11,10,14,9,1,9
12,12,14,7,5,7
13,11,14,7,4,7
14,9,14,8,1,8
15,9,14,6,3,6
16,9,14,9,0,9
17,11,14,8,3,8
18,12,14,9,3,9
19,10,14,8,2,8
20,12,14,10,2,10
21,13,14,10,3,10
22,12,14,10,2,10
23,12,14,7,5,7
24,10,14,6,4,6
25,9,14,7,2,7
26,11,14,8,3,8
27,11,14,9,2,9
28,11,14,10,1,10
29,12,14,7,5,7
30,11,14,6,5,6
31,9,14,8,1,8
32,11,14,8,3,8
33,12,14,9,3,9
34,13,14,11,2,11
35,14,14,8,6,8
36,12,14,8,4,8
37,12,14,10,2,10
38,14,14,8,6,8
39,11,14,9,2,9
40,12,14,9,3,9
41,13,14,9,4,9
42,13,14,8,5,8
43,13,14,9,4,9
44,12,14,9,3,9
45,11,14,9,2,9
46,12,14,8,4,8
47,11,14,8,3,8
48,10,14,9,1,9
49,11,14,10,1,10
50,12,14,5,7,5
1,3,15,3,0,3
2,4,15,4,0,4
3,5,15,5,0,5
4,9,15,9,0,9
5,11,15,10,1,10
6,13,15,7,6,7
7,11,15,7,4,7
8,11,15,8,3,8
9,12,15,9,3,9
10,11,15,7,4,7
11,12,15,9,3,9
12,13,15,11,2,11
13,13,15,8,5,8
14,11,15,8,3,8
15,12,15,10,2,10
16,14,15,12,2,12
17,15,15,11,4,11
18,14,15,10,4,10
19,14,15,7,7,7
20,11,15,7,4,7
21,11,15,8,3,8
22,9,15,7,2,7
23,10,15,8,2,8
24,11,15,6,5,6
25,10,15,8,2,8
26,12,15,8,4,8
27,10,15,10,0,10
28,14,15,7,7,7
29,11,15,10,1,10
30,12,15,10,2,10
31,12,15,10,2,10
32,12,15,10,2,10
33,14,15,9,5,9
34,12,15,10,2,10
35,13,15,11,2,11
36,13,15,8,5,8
37,11,15,9,2,9
38,11,15,10,1,10
39,13,15,8,5,8
40,13,15,11,2,11
41,12,15,7,5,7
42,12,15,9,3,9
43,13,15,9,4,9
44,12,15,10,2,10
45,14,15,9,5,9
46,12,15,7,5,7
47,10,15,8,2,8
48,11,15,7,4,7
49,9,15,9,0,9
50,11,15,7,4,7
1,3,16,3,0,3
2,3,16,3,0,3
3,4,16,3,1,3
4,4,16,4,0,4
5,8,16,8,0,8
6,9,16,8,1,8
7,14,16,12,2,12
8,15,16,13,2,13
9,16,16,12,4,12
10,16,16,10,6,10
11,14,16,10,4,10
12,13,16,10,3,10
13,13,16,9,4,9
14,12,16,8,4,8
15,12,16,11,1,11
16,13,16,8,5,8
17,10,16,9,1,9
18,13,16,11,2,11
19,15,16,10,5,10
20,14,16,8,6,8
21,10,16,9,1,9
22,13,16,10,3,10
23,14,16,11,3,11
24,15,16,9,6,9
25,13,16,10,3,10
26,15,16,13,2,13
27,15,16,10,5,10
28,14,16,9,5,9
29,12,16,9,3,9
30,12,16,10,2,10
31,14,16,8,6,8
32,11,16,9,2,9
33,12,16,8,4,8
34,12,16,10,2,10
35,13,16,11,2,11
36,14,16,10,4,10
37,14,16,11,3,11
38,13,16,11,2,11
39,13,16,9,4,9
40,12,16,8,4,8
41,12,16,10,2,10
42,13,16,10,3,10
43,14,16,10,4,10
44,14,16,10,4,10
45,14,16,11,3,11
46,15,16,11,4,11
47,12,16,8,4,8
48,12,16,12,0,12
49,15,16,12,3,12
50,16,16,10,6,10
1,3,17,3,0,3
2,5,17,5,0,5
3,8,17,8,0,8
4,11,17,9,2,9
5,13,17,8,5,8
6,12,17,9,3,9
7,14,17,11,3,11
8,14,17,10,4,10
9,14,17,12,2,12
10,17,17,13,4,13
11,15,17,9,6,9
12,14,17,11,3,11
13,14,17,10,4,10
14,14,17,9,5,9
15,13,17,10,3,10
16,13,17,10,3,10
17,13,17,12,1,12
18,15,17,12,3,12
19,15,17,9,6,9
20,12,17,9,3,9
21,13,17,10,3,10
22,14,17,11,3,11
23,15,17,12,3,12
24,16,17,12,4,12
25,16,17,12,4,12
26,16,17,12,4,12
27,16,17,12,4,12
28,15,17,10,5,10
29,14,17,9,5,9
30,14,17,12,2,12
31,15,17,11,4,11
32,15,17,9,6,9
33,13,17,12,1,12
34,16,17,10,6,10
35,13,17,11,2,11
36,16,17,11,5,11
37,14,17,9,5,9
38,11,17,10,1,10
39,13,17,8,5,8
40,13,17,11,2,11
41,15,17,12,3,12
42,14,17,12,2,12
43,16,17,12,4,12
44,15,17,11,4,11
45,15,17,10,5,10
46,14,17,10,4,10
47,13,17,8,5,8
48,12,17,9,3,9
49,13,17,11,2,11
50,13,17,9,4,9
1,3,18,3,0,3
2,3,18,3,0,3
3,5,18,5,0,5
4,6,18,6,0,6
5,9,18,6,3,6
6,11,18,10,1,10
7,14,18,11,3,11
8,16,18,12,4,12
9,16,18,11,5,11
10,15,18,11,4,11
11,17,18,12,5,12
12,16,18,9,7,9
13,11,18,9,2,9
14,16,18,14,2,14
15,17,18,12,5,12
16,16,18,10,6,10
17,14,18,12,2,12
18,16,18,10,6,10
19,16,18,11,5,11
20,14,18,9,5,9
21,12,18,12,0,12
22,15,18,11,4,11
23,14,18,9,5,9
24,12,18,12,0,12
25,17,18,13,4,13
26,15,18,8,7,8
27,13,18,10,3,10
28,14,18,11,3,11
29,15,18,12,3,12
30,17,18,11,6,11
31,15,18,11,4,11
32,16,18,15,1,15
33,17,18,12,5,12
34,16,18,12,4,12
35,17,18,11,6,11
36,15,18,13,2,13
37,17,18,10,7,10
38,14,18,10,4,10
39,14,18,11,3,11
40,15,18,12,3,12
41,17,18,11,6,11
42,15,18,11,4,11
43,16,18,11,5,11
44,15,18,12,3,12
45,16,18,11,5,11
46,15,18,11,4,11
47,16,18,10,6,10
48,15,18,10,5,10
49,15,18,10,5,10
50,12,18,11,1,11
1,3,19,3,0,3
2,4,19,4,0,4
3,6,19,6,0,6
4,8,19,7,1,7
5,10,19,8,2,8
6,12,19,10,2,10
7,14,19,11,3,11
8,16,19,13,3,13
9,19,19,10,9,10
10,14,19,11,3,11
11,15,19,11,4,11
12,16,19,14,2,14
13,17,19,12,5,12
14,17,19,13,4,13
15,17,19,10,7,10
16,14,19,13,1,13
17,17,19,12,5,12
18,15,19,13,2,13
19,16,19,12,4,12
20,18,19,14,4,14
21,18,19,11,7,11
22,15,19,12,3,12
23,17,19,11,6,11
24,16,19,15,1,15
25,18,19,13,5,13
26,16,19,13,3,13
27,17,19,12,5,12
28,16,19,11,5,11
29,16,19,14,2,14
30,18,19,13,5,13
31,17,19,13,4,13
32,19,19,12,7,12
33,17,19,12,5,12
34,15,19,8,7,8
35,13,19,10,3,10
36,16,19,9,7,9
37,12,19,9,3,9
38,12,19,10,2,10
39,13,19,9,4,9
40,14,19,9,5,9
41,13,19,10,3,10
42,17,19,12,5,12
43,16,19,11,5,11
44,15,19,9,6,9
45,14,19,13,1,13
46,15,19,13,2,13
47,15,19,14,1,14
48,18,19,9,9,9
49,13,19,9,4,9
50,13,19,12,1,12
1,3,20,3,0,3
2,4,20,4,0,4
3,6,20,6,0,6
4,9,20,9,0,9
5,11,20,10,1,10
6,13,20,11,2,11
7,16,20,10,6,10
8,14,20,11,3,11
9,17,20,11,6,11
10,15,20,13,2,13
11,19,20,13,6,13
12,17,20,13,4,13
13,18,20,13,5,13
14,18,20,11,7,11
15,15,20,11,4,11
16,15,20,11,4,11
17,16,20,11,5,11
18,16,20,13,3,13
19,18,20,13,5,13
20,16,20,13,3,13
21,18,20,12,6,12
22,16,20,12,4,12
23,18,20,12,6,12
24,17,20,13,4,13
25,16,20,10,6,10
26,16,20,12,4,12
27,17,20,10,7,10
28,15,20,10,5,10
29,15,20,12,3,12
30,17,20,12,5,12
31,17,20,11,6,11
32,14,20,10,4,10
33,15,20,12,3,12
34,15,20,11,4,11
35,16,20,10,6,10
36,14,20,10,4,10
37,13,20,9,4,9
38,15,20,11,4,11
39,15,20,10,5,10
40,14,20,11,3,11
41,17,20,9,8,9
42,14,20,10,4,10
43,15,20,11,4,11
44,15,20,13,2,13
45,14,20,11,3,11
46,17,20,11,6,11
47,15,20,11,4,11
48,15,20,11,4,11
49,15,20,13,2,13
50,18,20,13,5,13
1,3,21,3,0,3
2,5,21,5,0,5
3,6,21,6,0,6
4,9,21,9,0,9
5,14,21,11,3,11
6,15,21,13,2,13
7,19,21,12,7,12
8,17,21,13,4,13
9,16,21,14,2,14
10,19,21,12,7,12
11,18,21,13,5,13
12,16,21,12,4,12
13,15,21,13,2,13
14,20,21,15,5,15
15,19,21,11,8,11
16,15,21,12,3,12
17,17,21,12,5,12
18,17,21,11,6,11
19,14,21,9,5,9
20,14,21,13,1,13
21,18,21,13,5,13
22,19,21,13,6,13
23,19,21,12,7,12
24,17,21,11,6,11
25,16,21,13,3,13
26,16,21,14,2,14
27,19,21,10,9,10
28,14,21,12,2,12
29,16,21,10,6,10
30,16,21,13,3,13
31,15,21,12,3,12
32,16,21,10,6,10
33,15,21,13,2,13
34,17,21,11,6,11
35,15,21,12,3,12
36,16,21,13,3,13
37,17,21,13,4,13
38,17,21,13,4,13
39,17,21,11,6,11
40,17,21,12,5,12
41,19,21,12,7,12
42,17,21,14,3,14
43,20,21,13,7,13
44,17,21,11,6,11
45,15,21,11,4,11
46,17,21,12,5,12
47,18,21,13,5,13
48,20,21,13,7,13
49,18,21,11,7,11
50,15,21,9,6,9
1,3,22,3,0,3
2,5,22,5,0,5
3,7,22,5,2,5
4,7,22,6,1,6
5,11,22,10,1,10
6,15,22,13,2,13
7,18,22,13,5,13
8,19,22,14,5,14
9,20,22,15,5,15
10,19,22,16,3,16
11,21,22,15,6,15
12,19,22,10,9,10
13,17,22,13,4,13
14,19,22,13,6,13
15,19,22,14,5,14
16,19,22,13,6,13
17,18,22,14,4,14
18,19,22,14,5,14
19,19,22,15,4,15
20,19,22,12,7,12
21,18,22,16,2,16
22,17,22,13,4,13
23,18,22,17,1,17
24,19,22,11,8,11
25,17,22,12,5,12
26,17,22,12,5,12
27,15,22,11,4,11
28,16,22,15,1,15
29,19,22,15,4,15
30,18,22,13,5,13
31,16,22,14,2,14
32,20,22,11,9,11
33,16,22,12,4,12
34,17,22,12,5,12
35,18,22,13,5,13
36,18,22,9,9,9
37,15,22,13,2,13
38,17,22,14,3,14
39,19,22,13,6,13
40,19,22,12,7,12
41,18,22,13,5,13
42,20,22,14,6,14
43,20,22,15,5,15
44,19,22,14,5,14
45,21,22,16,5,16
46,22,22,14,8,14
47,18,22,14,4,14
48,19,22,14,5,14
49,18,22,14,4,14
50,18,22,12,6,12
1,3,23,3,0,3
2,5,23,5,0,5
3,8,23,8,0,8
4,11,23,10,1,10
5,15,23,12,3,12
6,20,23,11,9,11
7,18,23,13,5,13
8,17,23,11,6,11
9,18,23,14,4,14
10,19,23,13,6,13
11,17,23,13,4,13
12,19,23,13,6,13
13,21,23,15,6,15
14,20,23,14,6,14
15,19,23,11,8,11
16,16,23,13,3,13
17,18,23,14,4,14
18,18,23,14,4,14
19,19,23,15,4,15
20,18,23,14,4,14
21,19,23,13,6,13
22,19,23,15,4,15
23,22,23,14,8,14
24,19,23,15,4,15
25,21,23,14,7,14
26,20,23,16,4,16
27,20,23,17,3,17
28,21,23,14,7,14
29,20,23,13,7,13
30,17,23,15,2,15
31,19,23,11,8,11
32,16,23,13,3,13
33,19,23,13,6,13
34,18,23,15,3,15
35,20,23,15,5,15
36,22,23,15,7,15
37,21,23,15,6,15
38,22,23,17,5,17
39,19,23,14,5,14
40,19,23,10,9,10
41,14,23,13,1,13
42,18,23,16,2,16
43,20,23,13,7,13
44,20,23,12,8,12
45,19,23,15,4,15
46,20,23,12,8,12
47,17,23,13,4,13
48,16,23,12,4,12
49,17,23,15,2,15
50,21,23,11,10,11
1,3,24,3,0,3
2,4,24,4,0,4
3,7,24,6,1,6
4,10,24,8,2,8
5,12,24,10,2,10
6,15,24,10,5,10
7,14,24,14,0,14
8,18,24,14,4,14
9,19,24,17,2,17
10,21,24,15,6,15
11,22,24,16,6,16
12,21,24,12,9,12
13,18,24,12,6,12
14,19,24,11,8,11
15,16,24,14,2,14
16,19,24,12,7,12
17,17,24,14,3,14
18,20,24,15,5,15
19,21,24,15,6,15
20,22,24,14,8,14
21,19,24,14,5,14
22,19,24,13,6,13
23,19,24,12,7,12
24,14,24,11,3,11
25,16,24,13,3,13
26,19,24,14,5,14
27,20,24,14,6,14
28,22,24,15,7,15
29,20,24,14,6,14
30,21,24,16,5,16
31,23,24,15,8,15
32,21,24,13,8,13
33,19,24,12,7,12
34,19,24,15,4,15
35,20,24,17,3,17
36,23,24,16,7,16
37,22,24,16,6,16
38,19,24,16,3,16
39,23,24,14,9,14
40,19,24,13,6,13
41,19,24,17,2,17
42,21,24,12,9,12
43,18,24,14,4,14
44,18,24,13,5,13
45,17,24,11,6,11
46,16,24,14,2,14
47,18,24,16,2,16
48,22,24,18,4,18
49,23,24,18,5,18
50,23,24,17,6,17
1,3,25,3,0,3
2,3,25,3,0,3
3,5,25,5,0,5
4,8,25,8,0,8
5,12,25,10,2,10
6,15,25,11,4,11
7,17,25,14,3,14
8,18,25,16,2,16
9,21,25,13,8,13
10,18,25,13,5,13
11,19,25,13,6,13
12,19,25,12,7,12
13,19,25,11,8,11
14,16,25,14,2,14
15,19,25,13,6,13
16,19,25,16,3,16
17,22,25,11,11,11
18,17,25,13,4,13
19,19,25,16,3,16
20,21,25,14,7,14
21,20,25,16,4,16
22,22,25,19,3,19
23,23,25,15,8,15
24,21,25,17,4,17
25,22,25,14,8,14
26,19,25,15,4,15
27,18,25,15,3,15
28,22,25,18,4,18
29,23,25,15,8,15
30,18,25,12,6,12
31,16,25,12,4,12
32,19,25,14,5,14
33,22,25,16,6,16
34,21,25,17,4,17
35,22,25,13,9,13
36,16,25,13,3,13
37,20,25,17,3,17
38,22,25,16,6,16
39,21,25,13,8,13
40,20,25,16,4,16
41,21,25,14,7,14
42,21,25,15,6,15
43,19,25,13,6,13
44,19,25,15,4,15
45,20,25,17,3,17
46,23,25,18,5,18
47,23,25,14,9,14
48,20,25,12,8,12
49,17,25,14,3,14
50,20,25,16,4,16
1,3,26,3,0,3
2,4,26,4,0,4
3,8,26,8,0,8
4,11,26,10,1,10
5,17,26,14,3,14
6,21,26,15,6,15
7,21,26,15,6,15
8,20,26,15,5,15
9,20,26,17,3,17
10,21,26,13,8,13
11,20,26,15,5,15
12,22,26,14,8,14
13,21,26,13,8,13
14,20,26,15,5,15
15,24,26,15,9,15
16,20,26,15,5,15
17,21,26,18,3,18
18,22,26,18,4,18
19,21,26,16,5,16
20,21,26,12,9,12
21,16,26,14,2,14
22,19,26,15,4,15
23,21,26,13,8,13
24,21,26,14,7,14
25,21,26,14,7,14
26,21,26,12,9,12
27,18,26,16,2,16
28,20,26,13,7,13
29,17,26,15,2,15
30,20,26,16,4,16
31,24,26,13,11,13
32,19,26,14,5,14
33,20,26,13,7,13
34,19,26,15,4,15
35,22,26,16,6,16
36,22,26,15,7,15
37,20,26,15,5,15
38,22,26,15,7,15
39,22,26,13,9,13
40,22,26,16,6,16
41,23,26,13,10,13
42,19,26,14,5,14
43,20,26,15,5,15
44,22,26,17,5,17
45,22,26,16,6,16
46,23,26,16,7,16
47,20,26,17,3,17
48,23,26,17,6,17
49,22,26,14,8,14
50,17,26,15,2,15
1,3,27,3,0,3
2,5,27,5,0,5
3,8,27,7,1,7
4,11,27,9,2,9
5,14,27,14,0,14
6,20,27,15,5,15
7,21,27,15,6,15
8,21,27,18,3,18
9,20,27,10,10,10
10,16,27,11,5,11
11,17,27,13,4,13
12,19,27,13,6,13
13,18,27,13,5,13
14,21,27,16,5,16
15,22,27,16,6,16
16,21,27,13,8,13
17,20,27,18,2,18
18,26,27,18,8,18
19,25,27,18,7,18
20,27,27,19,8,19
21,25,27,19,6,19
22,25,27,15,10,15
23,23,27,16,7,16
24,21,27,16,5,16
25,23,27,14,9,14
26,21,27,13,8,13
27,20,27,15,5,15
28,20,27,15,5,15
29,23,27,17,6,17
30,25,27,15,10,15
31,22,27,18,4,18
32,25,27,16,9,16
33,22,27,16,6,16
34,24,27,15,9,15
35,21,27,16,5,16
36,25,27,15,10,15
37,24,27,16,8,16
38,24,27,17,7,17
39,21,27,17,4,17
40,24,27,19,5,19
41,26,27,15,11,15
42,21,27,13,8,13
43,19,27,16,3,16
44,21,27,16,5,16
45,23,27,16,7,16
46,22,27,14,8,14
47,23,27,19,4,19
48,24,27,15,9,15
49,22,27,16,6,16
50,21,27,18,3,18
1,3,28,3,0,3
2,6,28,6,0,6
3,11,28,9,2,9
4,12,28,12,0,12
5,17,28,10,7,10
6,15,28,15,0,15
7,21,28,14,7,14
8,22,28,18,4,18
9,24,28,19,5,19
10,26,28,14,12,14
11,21,28,14,7,14
12,24,28,15,9,15
13,19,28,13,6,13
14,20,28,16,4,16
15,23,28,14,9,14
16,20,28,15,5,15
17,23,28,13,10,13
18,22,28,16,6,16
19,20,28,18,2,18
20,23,28,17,6,17
21,25,28,17,8,17
22,22,28,19,3,19
23,24,28,13,11,13
24,20,28,17,3,17
25,23,28,15,8,15
26,21,28,17,4,17
27,26,28,20,6,20
28,27,28,16,11,16
29,23,28,19,4,19
30,26,28,15,11,15
31,21,28,15,6,15
32,20,28,16,4,16
33,24,28,19,5,19
34,26,28,17,9,17
35,23,28,14,9,14
36,19,28,16,3,16
37,22,28,13,9,13
38,22,28,17,5,17
39,23,28,14,9,14
40,22,28,18,4,18
41,25,28,16,9,16
42,20,28,16,4,16
43,24,28,17,7,17
44,24,28,16,8,16
45,24,28,15,9,15
46,19,28,18,1,18
47,25,28,15,10,15
48,24,28,16,8,16
49,22,28,18,4,18
50,25,28,19,6,19
1,3,29,3,0,3
2,5,29,5,0,5
3,10,29,9,1,9
4,14,29,14,0,14
5,20,29,18,2,18
6,22,29,16,6,16
7,24,29,17,7,17
8,23,29,16,7,16
9,25,29,16,9,16
10,23,29,16,7,16
11,21,29,15,6,15
12,25,29,19,6,19
13,27,29,17,10,17
14,25,29,19,6,19
15,26,29,19,7,19
16,25,29,20,5,20
17,26,29,15,11,15
18,24,29,18,6,18
19,25,29,16,9,16
20,26,29,14,12,14
21,23,29,16,7,16
22,25,29,16,9,16
23,23,29,19,4,19
24,25,29,18,7,18
25,24,29,16,8,16
26,23,29,20,3,20
27,24,29,16,8,16
28,25,29,16,9,16
29,22,29,15,7,15
30,23,29,19,4,19
31,25,29,18,7,18
32,25,29,20,5,20
33,25,29,17,8,17
34,25,29,18,7,18
35,24,29,16,8,16
36,24,29,16,8,16
37,24,29,19,5,19
38,25,29,16,9,16
39,23,29,19,4,19
40,23,29,16,7,16
41,22,29,16,6,16
42,24,29,16,8,16
43,24,29,16,8,16
44,27,29,16,11,16
45,21,29,18,3,18
46,24,29,19,5,19
47,25,29,19,6,19
48,25,29,17,8,17
49,26,29,16,10,16
50,21,29,14,7,14
1,3,30,3,0,3
2,6,30,6,0,6
3,10,30,10,0,10
4,17,30,14,3,14
5,21,30,17,4,17
6,26,30,22,4,22
7,29,30,19,10,19
8,25,30,20,5,20
9,29,30,15,14,15
10,23,30,14,9,14
11,19,30,13,6,13
12,18,30,13,5,13
13,20,30,15,5,15
14,22,30,14,8,14
15,18,30,15,3,15
16,19,30,16,3,16
17,24,30,16,8,16
18,24,30,16,8,16
19,24,30,20,4,20
20,27,30,17,10,17
21,27,30,18,9,18
22,23,30,20,3,20
23,26,30,21,5,21
24,28,30,20,8,20
25,26,30,17,9,17
26,24,30,19,5,19
27,25,30,19,6,19
28,25,30,20,5,20
29,28,30,19,9,19
30,24,30,16,8,16
31,24,30,18,6,18
32,25,30,17,8,17
33,22,30,12,10,12
34,19,30,17,2,17
35,23,30,20,3,20
36,26,30,17,9,17
37,25,30,15,10,15
38,21,30,18,3,18
39,26,30,18,8,18
40,26,30,13,13,13
41,18,30,14,4,14
42,21,30,11,10,11
43,18,30,15,3,15
44,22,30,16,6,16
45,22,30,19,3,19
46,29,30,16,13,16
47,21,30,13,8,13
48,21,30,15,6,15
49,23,30,18,5,18
50,26,30,17,9,17
1,3,31,3,0,3
2,4,31,4,0,4
3,8,31,7,1,7
4,13,31,13,0,13
5,18,31,17,1,17
6,23,31,18,5,18
7,26,31,18,8,18
8,22,31,16,6,16
9,25,31,18,7,18
10,23,31,14,9,14
11,22,31,17,5,17
12,21,31,14,7,14
13,19,31,16,3,16
14,24,31,17,7,17
15,25,31,17,8,17
16,23,31,15,8,15
17,22,31,16,6,16
18,22,31,18,4,18
19,25,31,16,9,16
20,22,31,17,5,17
21,25,31,20,5,20
22,28,31,19,9,19
23,29,31,16,13,16
24,22,31,17,5,17
25,24,31,15,9,15
26,20,31,16,4,16
27,23,31,18,5,18
28,23,31,17,6,17
29,24,31,14,10,14
30,23,31,18,5,18
31,25,31,16,9,16
32,23,31,15,8,15
33,20,31,16,4,16
34,24,31,16,8,16
35,22,31,15,7,15
36,23,31,21,2,21
37,29,31,20,9,20
38,27,31,16,11,16
39,22,31,20,2,20
40,27,31,15,12,15
41,22,31,15,7,15
42,22,31,17,5,17
43,22,31,18,4,18
44,26,31,17,9,17
45,23,31,15,8,15
46,20,31,16,4,16
47,23,31,19,4,19
48,25,31,16,9,16
49,24,31,17,7,17
50,22,31,17,5,17
1,3,32,3,0,3
2,6,32,6,0,6
3,10,32,10,0,10
4,15,32,14,1,14
5,19,32,18,1,18
6,23,32,17,6,17
7,27,32,19,8,19
8,25,32,17,8,17
9,25,32,17,8,17
10,25,32,13,12,13
11,20,32,17,3,17
12,22,32,16,6,16
13,24,32,19,5,19
14,25,32,18,7,18
15,27,32,17,10,17
16,25,32,19,6,19
17,27,32,17,10,17
18,24,32,16,8,16
19,25,32,17,8,17
20,27,32,20,7,20
21,29,32,23,6,23
22,27,32,20,7,20
23,26,32,17,9,17
24,26,32,19,7,19
25,26,32,19,7,19
26,28,32,22,6,22
27,28,32,16,12,16
28,24,32,17,7,17
29,24,32,19,5,19
30,25,32,17,8,17
31,24,32,17,7,17
32,24,32,19,5,19
33,27,32,22,5,22
34,31,32,19,12,19
35,24,32,18,6,18
36,26,32,20,6,20
37,27,32,18,9,18
38,24,32,16,8,16
39,22,32,18,4,18
40,25,32,16,9,16
41,25,32,19,6,19
42,27,32,16,11,16
43,25,32,16,9,16
44,23,32,15,8,15
45,22,32,15,7,15
46,23,32,18,5,18
47,25,32,14,11,14
48,24,32,19,5,19
49,29,32,13,16,13
50,17,32,16,1,16
1,3,33,3,0,3
2,5,33,5,0,5
3,7,33,7,0,7
4,12,33,12,0,12
5,17,33,13,4,13
6,23,33,17,6,17
7,23,33,18,5,18
8,27,33,18,9,18
9,25,33,19,6,19
10,27,33,18,9,18
11,25,33,16,9,16
12,22,33,18,4,18
13,26,33,16,10,16
14,26,33,16,10,16
15,24,33,19,5,19
16,28,33,20,8,20
17,30,33,20,10,20
18,29,33,19,10,19
19,27,33,22,5,22
20,27,33,21,6,21
21,31,33,21,10,21
22,28,33,16,12,16
23,26,33,14,12,14
24,22,33,5,17,5
1,3,34,3,0,3
2,5,34,5,0,5
3,7,34,7,0,7
4,11,34,10,1,10
5,15,34,13,2,13
6,16,34,15,1,15
7,22,34,18,4,18
8,27,34,17,10,17
9,25,34,20,5,20
10,28,34,20,8,20
11,29,34,22,7,22
12,26,34,19,7,19
13,27,34,19,8,19
14,28,34,21,7,21
15,28,34,23,5,23
16,34,34,20,14,20
17,26,34,19,7,19
18,30,34,20,10,20
19,27,34,21,6,21
20,30,34,18,12,18
21,24,34,18,6,18
22,24,34,16,8,16
23,26,34,20,6,20
24,29,34,18,11,18
25,26,34,21,5,21
26,27,34,21,6,21
27,30,34,16,14,16
28,25,34,19,6,19
29,29,34,16,13,16
