day,average_speed,average_size,average_intelligence
1,1.0,1.0,1.0
2,0.9962165231508902,0.9700920220146105,0.9748656045301021
3,0.9941962269042066,0.9628057048003296,0.9717335648497826
4,1.0119453088025334,0.9733656022242078,0.9611360091682496
5,1.0204862937577255,0.983603601793629,0.9749827243019293
6,1.042749147222277,0.9835347886414616,0.9834059542028077
7,1.0724185114729785,0.9786716211197078,0.9870419862797735
8,1.1090065606923312,0.971121327166305,1.02006654407634
9,1.1488135152215775,0.9748877448333059,1.0295342560871863
10,1.1726077252014857,0.9649140337354729,1.0187013382980825
11,1.2613339335619855,0.9446695629903925,1.0366442729837424
12,1.2843226230189877,0.9311177021379696,1.0365537539843726
13,1.3098430117133673,0.9150666162612361,1.0648036493041484
14,1.3406288968183904,0.9188628222065308,1.0649187454277802
15,1.3773723272698943,0.9267298386908048,1.0301067474747645
16,1.4123605484273225,0.9176671726750066,1.0198048224440968
17,1.4551277088475418,0.9153066979628149,1.0295983115291913
18,1.4597434274282306,0.9175222881777704,1.014584568780688
19,1.4794640206337242,0.9300717817395591,0.9960762005529589
20,1.5345932734233838,0.9354745753957002,0.9967243447616599
21,1.5562767262152448,0.9221806319277545,0.9986191136681997
22,1.54738574455239,0.9248347923913003,1.0104464614486195
23,1.5624693415189732,0.9382546002325292,0.9945591999573712
24,1.5965595628866496,0.9588684680506311,1.0015139761623808
25,1.630201722438987,0.9274709641758855,0.98878990883353
26,1.6981804758553611,0.9446465376990647,1.0028226703671057
27,1.7323091738174687,0.9436617278093112,1.0046854758950712
28,1.7917546409536065,0.9348671428606127,1.0299283169381086
29,1.828821119978973,0.9789158018669555,1.0382539370057335
30,1.9041152540288722,1.0051123540185345,1.045479669693563
31,1.9382525122453502,1.0131867163987762,1.054754714575488
32,2.0140094951033576,1.002001722330245,1.0815335526619245
33,2.074649814492196,1.0156353391980493,1.0808083426109636
34,2.1569769009558435,1.005889805439295,1.1243979575778282
35,2.2307548022807104,1.021798940269567,1.1234981761192042
36,2.242085316853117,1.0170359122512245,1.13807488588867
37,2.2881618002000357,1.0196864971929573,1.1268410793529673
38,2.4132928014839368,0.9994574348404861,1.1493600413232679
39,2.5195150975396143,1.0107403947419793,1.149023146542512
40,2.628130040654345,1.0625166138535351,1.1852998184478292
41,2.7461342783273213,1.053680231228987,1.1451768275380612
42,2.810079250930798,1.093331398497195,1.1456592881674288
43,2.834561683914833,1.0702437504997246,1.146803037142696
44,2.8912077451660236,1.0592519642918243,1.1536689770143014
45,2.981083649740249,1.0971661068768044,1.137957479048036
46,3.127775901009259,1.0350235269249661,1.177759452528532
47,3.175338228588483,1.013104794903701,1.173423500901902
48,3.300912384120492,0.9979763171906537,1.1778091846914724
49,3.347986302702003,1.0533283802661153,1.130952436591881
50,3.4006023211421645,1.0739557862844946,1.1088819299519752
51,3.463314819957416,1.1134104470476625,1.0894830163313618
52,3.4849280921766246,1.1605049701575862,1.0566913833263263
53,3.5668922783188415,1.1164267168071094,1.0954280568286523
54,3.6692016752442007,1.1397646218083797,1.0896613434718467
55,3.7023488832084577,1.1927145022487302,1.105032442952246
56,3.670942693046331,1.1894605553394306,1.1227767280369867
57,3.76737324160512,1.2514653826055908,1.1306434224013011
58,3.7945377294275264,1.2969820561451058,1.1644247962106076
59,3.828817173464291,1.2972488093791252,1.1873783553441846
60,3.95859674580584,1.3174898746409176,1.1902865789141643
61,3.994130962819131,1.3293272580422586,1.1823090491651358
62,4.194221582502428,1.327387305834729,1.2127526691570705
63,4.365212804591499,1.3048557843567268,1.2114752279060228
64,4.470277191474653,1.315253218971885,1.201471998432719
65,4.592991018432766,1.2987424392037767,1.2028351189396889
66,4.750822793463181,1.3004653033750773,1.2134733971684526
67,4.917365161601268,1.315977269983114,1.2012710467063836
68,5.213152222215,1.3507843454261423,1.2381585055601805
69,5.420955511265832,1.374124083663206,1.2607470625014885
70,5.460005090446662,1.3582767727421075,1.2450278600906384
71,5.455609233605581,1.370294610713643,1.229397469374098
72,5.623478868200929,1.366679881795935,1.23574649857371
73,5.765176501983165,1.360222944016757,1.258533211693776
74,6.131056137061451,1.3731278609138524,1.271277982462248
75,6.392910161838627,1.3490533223052037,1.2776479467889097
76,6.559544215029976,1.3527669938443958,1.3354564080178435
77,6.829973893476964,1.3627502304014514,1.4015450777133016
78,6.8331262138789075,1.3319933575171883,1.3832471342972628
79,6.896416856080208,1.3142696032439602,1.3769193271096478
80,7.007230304326561,1.3304815277378066,1.367791686763483
81,7.160880746148123,1.2833428425260285,1.396016752554529
82,7.352788982772596,1.2944189425643484,1.4343459234097962
83,7.472877355362519,1.3652939625985425,1.4918144551520953
84,7.528605107119897,1.4201793501495201,1.5573897785068862
85,7.578517964552399,1.4443983719087172,1.5675708960613959
86,7.581176146185525,1.4508618389722425,1.573141827967737
87,7.780677345812411,1.52679228378328,1.5975496426585358
88,7.896594568390603,1.5203430820728607,1.617703679029494
89,8.008726381749,1.465156417868786,1.640591600129781
90,8.225139773852431,1.467009758288693,1.6592100672728116
91,8.403029443555438,1.5092235017328879,1.6556005708200805
92,8.449578215473732,1.5001539518610125,1.680805226287526
93,8.653697228962955,1.5146332448657067,1.664914599395513
94,8.871983287299635,1.4414803193949959,1.7204345687653653
95,8.90844691440614,1.4430146760580604,1.7234691162814095
96,9.003627239018495,1.3885269072226243,1.744713501040809
97,8.926897644585102,1.3645166340626298,1.7255204735199865
98,9.008975710278039,1.4144708645797215,1.7677481452812538
99,9.19290353627035,1.366760632019199,1.7656803690442104
100,9.252225977886926,1.4115133102682091,1.7795778895057357
101,9.264471308584778,1.3630471124639438,1.729305486194482
102,9.258955085304708,1.4016164734961476,1.78020736300085
103,9.262870998223077,1.3965336195297369,1.8020346346484808
104,9.558055481880636,1.308897870170378,1.838537994138662
105,9.698107566948602,1.253410208756682,1.859684165849757
106,9.794564639538846,1.245944819383617,1.881947121767656
107,10.019686869507321,1.2431887711752878,1.9195113164568696
108,10.21586544207868,1.2258197046936001,1.9375338792448151
109,10.354579885720076,1.23795631358587,1.9909729126642564
110,10.358893825587291,1.221624003490091,1.9668721160853266
111,10.388401023399915,1.2081690386808153,1.9039777057669793
112,10.50599805641299,1.2120814444217562,1.890665713719673
113,10.81050261278991,1.2305324160407904,1.8432174535253953
114,10.76374155690242,1.2046044376664067,1.8254034315368457
115,10.905719839231645,1.1892182225629213,1.8469630599391698
116,10.824911232397824,1.166591429055544,1.8586330825588926
117,11.026788725049316,1.219476362880827,1.8075931789812467
118,11.159062526224032,1.2276004305695527,1.8033263968161957
119,11.33644872428782,1.1804651679231852,1.7887972881485086
120,11.586230656840597,1.1695876174626918,1.8345939142876952
121,11.678016130572667,1.1379057333073297,1.8744688948685357
122,11.752816286113895,1.1517676424396672,1.9072520715220098
123,11.787571192746352,1.1758997447110218,1.9382563557290649
124,11.970999702533637,1.211657967099007,2.0043697260025426
125,12.311711888877653,1.2303241074147426,2.0062037507235195
126,12.32391865930907,1.2629479686407394,2.0340064408620355
127,12.588812122059965,1.2835900299893241,2.0482590895453394
128,12.963962319837243,1.2777561275611629,2.059730574554527
129,13.459558389329494,1.3026796303322734,2.0064699448969505
130,13.664065045428188,1.3105221081082379,2.0623948747546827
131,14.033662997360574,1.3079782881763473,2.094105229917697
132,14.1028877500976,1.2929109529672238,2.1544644081821267
133,14.25265499837215,1.2736065791988365,2.1712781700936006
134,14.127012964049394,1.2849827466877703,2.239939099314858
135,14.052417857899266,1.2702427149693933,2.408336185085453
136,14.196404943496452,1.2738269444816206,2.468646450362559
137,14.644197958773598,1.2526914545161327,2.538375360870141
138,14.832753834043436,1.2437930991675268,2.525956306622447
139,15.0450675213438,1.229735031724822,2.5440511694262598
140,15.371541135388199,1.2312482351970042,2.550913748565705
141,15.546114994110285,1.2091500235951511,2.5713833780575115
142,16.19219512185581,1.214319909735054,2.57761691721719
143,16.330008328247793,1.2259920528744506,2.6109551229297567
144,16.529469670755663,1.2296318402148405,2.621263221656257
145,16.886541907412024,1.2639797331019365,2.6194168198280474
146,17.62867945178272,1.2882929437156512,2.578663185383922
147,17.72472414765203,1.3142516933284731,2.568483504077953
148,18.02967158566208,1.3493739218570582,2.5468631231567893
149,18.64527838435713,1.3407734351045024,2.5941811069959186
150,19.298900548544317,1.3497655591745459,2.6215785674774823
151,19.96019904010947,1.3559747042981316,2.66058998469298
152,19.925321457246667,1.3337313002792768,2.646489505666529
153,20.126822022799264,1.3230765370937025,2.6721281910884196
154,20.66978931628256,1.3570291372942502,2.6561401246714054
155,21.04766762688625,1.351756116658656,2.6937228909202386
156,20.959140405689354,1.3318479803299574,2.6949383131381537
157,21.039309091493408,1.3539308903357423,2.698749384665427
158,20.802891468897464,1.3294196712435709,2.6832162672318445
159,20.573606421813416,1.3358957745069049,2.72948463182972
160,21.234825872464313,1.291459439786394,2.7403330128055376
161,21.274880968345858,1.336614045971962,2.7060637811190826
162,21.017929568865988,1.3454373676170575,2.7373412397206924
163,20.879138539572544,1.3609972281829312,2.6734040412137943
164,21.107923564233396,1.34049398400108,2.6953473432654373
165,20.941109101822505,1.33966762336291,2.720871046817629
166,20.549757441436824,1.3647687125754513,2.7213124255027825
167,20.898832768995085,1.3730434749791562,2.7239964932878453
168,21.717809760973385,1.4035295348606052,2.7156642328142704
169,21.99719936689636,1.4066323315485236,2.6980632962017412
170,22.26011003655419,1.4020599939269789,2.7697320025853926
171,22.049698270984713,1.350916590171655,2.7880791549370016
172,22.357561184215747,1.3665391608755657,2.7841444435501446
173,21.782154529858385,1.3964032683739669,2.792355233487319
174,21.819684619612474,1.3539805612561906,2.7322792272780916
175,20.96470712944996,1.3690315109936277,2.7432609749001653
176,21.398475514466647,1.3445371192982294,2.821153107126797
177,21.35488915891119,1.3588218062630006,2.8247304915300386
178,21.023763211238176,1.3534209147091336,2.836688553784324
179,21.580754455077418,1.3574656822264828,2.904529273064525
180,21.464402766406433,1.3673929607929098,2.909196241184788
181,21.651891311738115,1.3968730804774843,2.856458974793685
182,21.799941697164854,1.420516352344574,2.892968698041176
183,21.730206578209923,1.4420304122615575,2.867461758768882
184,22.221511512720763,1.4468742887485573,2.892406475230043
185,21.899334873840807,1.4826162916772092,2.8445343332640087
186,21.268102561093436,1.4586016767414294,2.8740712073129546
187,22.39743159726078,1.4558978037915316,2.957757730839677
188,22.754443457088097,1.4575306172527613,2.9490068989492992
189,22.918837375929584,1.449773648501045,2.9727869056487135
190,23.031983281978803,1.4452858637118513,3.0144764787283993
191,23.243530422527552,1.432384975216605,3.0136438768922496
192,23.91260530386136,1.4417962188644784,3.0541397363227727
193,22.983590680250135,1.4422512154361746,2.9672775138347083
194,23.495964325260644,1.4449363897156025,2.98792249682914
195,24.35870049477839,1.4727757653285254,3.084587500398278
196,23.174835251425385,1.430751190044899,3.049201069370355
197,22.435147461468905,1.4230667797523744,2.9831889515253853
198,22.834686388023652,1.4133008936261102,3.0011089672873896
199,22.97150859185663,1.4361990080277944,3.073879053535084
200,23.29516231511898,1.4614554892799234,3.055159234334977
201,23.3846483461833,1.4669923822465787,3.088224241270319
202,24.057759515768886,1.4950098096043984,3.1469239886821017
203,23.722529161786667,1.4798656990066024,3.111664115895518
204,22.9282007849822,1.4661594787270407,3.1095267817815873
205,22.59079580745808,1.4551935148714672,3.1278282283324814
206,22.717132710872626,1.472375527991793,3.118177794128078
207,22.744011227672097,1.4923650112091968,3.109972964996928
208,23.51304959863666,1.4944841991505124,3.1509420892689213
209,22.42529750533781,1.4526302451673867,3.0664731869134236
210,22.34264495992327,1.4403643188712123,3.0886384478672135
211,21.29903308047716,1.4244720014197678,2.9603637294705667
212,21.408630397449063,1.4173852490486685,2.94498379453094
213,21.63345340925086,1.4206957736412906,2.9726554752229313
214,22.15410023915349,1.385715871087184,3.0534962899775833
215,21.505795166993416,1.4228916235352809,3.0460334090675922
216,22.085656091369255,1.4117830158700178,3.112555015551756
217,22.260481051908656,1.414085782801069,3.064123469067609
218,22.80810442587832,1.3996852209841968,3.054025532408851
219,23.050112033242776,1.3887686669369772,3.074197130187431
220,23.81338243527602,1.3893843579017942,3.190481493795819
221,24.917114092357078,1.3490035164076115,3.3112845864645286
222,25.858839866659054,1.3025372749328712,3.376005991629807
223,24.436584076722205,1.3529313508467324,3.325491253199595
224,24.946007240415764,1.323748863523924,3.34104428121024
225,24.855694294254494,1.3092771008528756,3.3234602065893766
226,24.47851751951382,1.3488834036545716,3.212074198686985
227,24.851822265654956,1.3162846417298366,3.2989939629646474
228,24.908619664999993,1.2920476652099575,3.2782060574572895
229,25.22960063517055,1.2643280272370396,3.278385232005696
230,24.016553571642618,1.2910830554401438,3.172602182241786
231,23.85880406330793,1.280414299130267,3.1118882093773004
232,24.181844326051486,1.290779687453608,3.0909739205969724
233,24.14027672905169,1.2908372709295242,3.0400334865913026
234,24.69837166301534,1.2592737444536815,3.1301500598548966
235,24.688878951807002,1.2706534324170622,3.106382094793306
236,25.732910916133196,1.2318381815914836,3.179381282719618
237,26.01936499552288,1.2226377687582148,3.156572002810778
238,27.6367368526205,1.1939477469320303,3.330611521585584
239,27.113693386053594,1.2041155913341035,3.286176712245541
240,27.021078924920143,1.2209971815397855,3.2432402754099554
241,27.279589270965477,1.2375320054509769,3.2636505329900616
242,27.41986676299482,1.2334462455341346,3.3068407090823517
243,26.5051572700317,1.2668612112091922,3.2587035930034745
244,25.27816733644362,1.2718594657083468,3.178716062713294
245,25.041764459810572,1.2496678399445242,3.3018708765738563
246,25.11078168854306,1.2571911294719005,3.2534471734953745
247,24.84617622602076,1.2375208198451217,3.23270920045646
248,24.827669828357227,1.2139095312531045,3.2405199828154485
249,25.056273441125814,1.2353442231856613,3.2082758687126587
250,25.97968534667199,1.235018656880304,3.280737462439303
251,26.268566395554544,1.2147962601971083,3.2370419407653537
252,26.000963053258218,1.2308985109538195,3.2367093334318056
253,25.71349575513499,1.224157344972907,3.3033186537772923
254,26.14181051353286,1.249396674531595,3.3257199114705562
255,26.023871596638745,1.2507375605070625,3.2667209143204397
256,25.557645507764043,1.285362645167032,3.17566657441659
257,26.57457354091304,1.278130387075693,3.3242138091677322
258,26.63009452452298,1.278534257471855,3.3146788244951875
259,26.65907084663285,1.2824112946490873,3.3789915880668744
260,26.449319592004095,1.2789285276889477,3.327627235538807
261,26.643657887998437,1.2511735014642495,3.3815801094215865
262,26.7329323572316,1.2670712313079315,3.4615618503755736
263,26.45822364649873,1.2541854164832666,3.501716143618026
264,26.260407758296047,1.2996459551357449,3.3854088921935532
265,26.877253479559457,1.3217282260508179,3.4223499234280883
266,25.766317088151464,1.336920046483202,3.3677203025527946
267,26.23619273751908,1.350348532315578,3.417011954011623
268,26.337376062365315,1.351378878446712,3.446106602984268
269,26.394850893941555,1.3534285485397104,3.347827007795506
270,26.020313964172537,1.3373729406603667,3.305491458857156
271,26.14641378095977,1.3302188042863827,3.3821375362177903
272,26.303009260807077,1.3588458573235933,3.2834315355310992
273,27.390417022846982,1.3469234481795165,3.5023504543021495
274,27.13193135180629,1.3371609334300394,3.5785982929561655
275,27.191142232448513,1.3666139802314667,3.4008639431816343
276,26.590032253407287,1.4065878827072884,3.313602249488301
277,26.8096089825626,1.3987854782730953,3.354397055114669
278,26.62543856041706,1.4208171241028764,3.2878488496476153
279,26.834851417311633,1.452825381317742,3.254790014457576
280,27.08553770349549,1.4319969127375858,3.292842216360244
281,26.780009635814764,1.4732631693186984,3.2659266102042612
282,27.296620134456777,1.4639785178170739,3.3223132657864007
283,27.67929073262735,1.4657568492767814,3.3234098707836046
284,28.186779992093896,1.4687792773763857,3.3828072266943487
285,27.658547642641008,1.4646370551282395,3.3444686583286556
286,28.431859971071642,1.4457916139889861,3.3581330309803867
287,28.046527510087017,1.4441708861100326,3.3289694049892886
288,26.94824570752009,1.4740289654827368,3.2724482471815075
289,27.03228018862929,1.4444236076141133,3.3482199417808496
290,27.032563983227476,1.4632679835412263,3.280246482596647
291,27.41101248153816,1.466684577174807,3.212435668235447
292,26.996871548420945,1.4365785616968791,3.28174531772361
293,27.254271367702316,1.460267197776406,3.227534305753071
294,26.65579557210444,1.4001417044706455,3.3039342073646116
295,26.584456662575224,1.371654416436703,3.343786085014025
296,26.348289311927342,1.3826305563409849,3.3783313246595483
297,25.946978006548544,1.407708263598169,3.4270697357010063
298,27.017369153562274,1.4428884651485754,3.3727238981959617
299,26.503361435931595,1.4498044472647702,3.3201196480973767
300,25.80379881754661,1.4405082012340058,3.3734830570987997
301,25.510590568708178,1.4540142638478872,3.289682628345153
302,25.492755935034005,1.4593750241769077,3.2178939128961543
303,26.228680824000772,1.422424643646243,3.3069130658328465
304,26.531886264198544,1.419801098512945,3.27700243130434
305,26.79345588661468,1.4191953298016522,3.2087080202482063
306,26.57236015183146,1.4206507243648476,3.165127168270698
307,25.838871449086465,1.4375065319017721,3.131653956165994
308,26.679029132725212,1.4286073477367203,3.1484413989209394
309,26.311053501486768,1.4137412846642876,3.2522888141582666
310,25.85265784274708,1.4330459386579018,3.2583616598147622
311,25.38491072248243,1.4076034402925135,3.271052180397441
312,25.40193359307576,1.4209136456648088,3.223708040221692
313,25.293277658255153,1.4276387826898174,3.282934982124248
314,24.437087558812387,1.4366393533382669,3.279147681862303
315,24.316875888160613,1.433356804231895,3.2436014633029417
316,24.555431228594834,1.3934879734323484,3.3701474186791334
317,24.74183483917983,1.4117662824943338,3.332644287433294
318,24.92454975028993,1.4172384371774878,3.2863474271553876
319,25.195224761791778,1.4198969612266907,3.3438639096649605
320,25.549581511999193,1.4238625979928978,3.280608683371011
321,26.221945983142902,1.4229334884234537,3.2742963073317966
322,26.470068001117077,1.4218850380767887,3.1846421446633557
323,25.019079316733393,1.4167386760416891,3.141878252695041
324,22.58579919652278,1.4244971758028753,2.9914866503994086
325,23.23703857130814,1.4544200397160356,3.0001019777506603
326,22.978386312277237,1.4481934817566422,2.9586157291444337
327,23.401976048392555,1.5002686505602663,2.975481316086476
328,23.534689032519267,1.4934336406694237,2.995281818757302
329,23.12518878235315,1.4997318913677933,2.950729055225027
330,22.07927565752429,1.4936450279949676,3.0232948273503952
331,23.121595481099572,1.4959401784054451,3.027040393271183
332,23.103073921657174,1.473705630072464,2.975344197788466
333,23.144814737947172,1.4924712451945275,2.873695359235087
334,22.764736261405655,1.4641899724614835,2.8873463846809027
335,22.40149017734855,1.4582491023481106,2.9347128308581167
336,21.734754999077836,1.4554022864862934,2.9928106113287503
337,22.240798493295134,1.4579921196975192,2.924188694385963
338,23.248093331697223,1.4951020381549147,2.9127682172995377
339,22.89022207442584,1.457331689951149,2.9241782826204776
340,23.405950653205675,1.4451789685368384,2.906912730802132
341,23.280686198311738,1.4122422329275084,2.9429931607003863
342,21.86598270197444,1.3744247687432753,2.9220976847644784
343,22.27677887413833,1.3979253680546218,2.937886628649403
344,23.784251999867386,1.4021722490874773,2.905993331107661
345,23.063265340896017,1.4112843721722943,2.90254184916451
346,22.84456143268036,1.3785396530360656,2.9123337185405003
347,22.348883951273788,1.3901530970565987,2.909673868429111
348,22.889435451813483,1.4019304189083053,2.8934918501762845
349,22.809728403649444,1.3979172435438345,2.971773898328319
350,23.428415954953586,1.4605771861103753,2.956225847958371
351,23.28580448154093,1.457053256084285,2.947928311972683
352,23.700229747257058,1.4482601445360253,2.959983682787555
353,24.002980894632138,1.395978252593912,2.9829617122896472
354,23.737454217141288,1.3979654135129678,2.994555138834603
355,23.759619558765756,1.3578904896194988,3.097749486971788
356,23.98832940501978,1.3749515062488067,3.057234643441413
357,24.570525235930177,1.3445812148502936,3.1668084710076956
358,25.116093853761956,1.353422613519315,3.2245361434989763
359,24.808171905072307,1.3762965996139866,3.2023306339350275
360,24.425567857675517,1.3358956119677032,3.146503379277878
361,24.202287422846855,1.3557094652075707,3.145406319170193
362,24.160105721042548,1.366160839558984,3.0890187677339034
363,24.47838437342356,1.3743221489513326,3.061183972656704
364,24.74803814578899,1.4102676609295846,3.0128594690653014
365,24.198232064471654,1.381777951478874,3.042792113630175
366,23.774939938958276,1.3820054640163586,3.066246143655573
367,23.510709173644624,1.4045075376902911,3.059582203403242
368,23.913266067949117,1.3668250340696577,3.103054821442586
369,23.967043568651686,1.3952009584505336,3.1056097536219074
370,24.146375808178558,1.3857989713553254,3.126753365043257
371,23.986876539147605,1.3663270843238353,3.168118681749918
372,25.135653061894065,1.4372479087065992,3.158889717076599
373,25.06561125297187,1.4937304458787346,3.0620336413002978
374,24.898029869228164,1.4695446113755126,3.1888219025632605
375,24.638335046600496,1.4182980623141066,3.309346726711372
376,24.873960965402258,1.4190749941691483,3.259414242165784
377,25.206008423520167,1.4655024714569445,3.2682500145103677
378,26.607542395171432,1.6033925020448645,3.100238814138113
379,26.03794982583655,1.5642879291196616,3.052422850921071
380,24.900850264668893,1.512749306246768,3.0819625810535074
381,24.861948576978307,1.4708222979321823,3.0821068725857925
382,24.584503078120452,1.4577968824773375,3.0824245071118703
383,23.647782978377403,1.4272671637095466,3.1427062104184222
384,23.723420191055258,1.456036889047408,3.122037263403869
385,23.70686083936482,1.440714978045435,3.0860062457687785
386,23.874204764761622,1.4070905408116692,3.150921429314432
387,24.173609208017638,1.3994753034471659,3.1249629319990597
388,24.800615743508306,1.412910819585817,3.1678492698951617
389,24.741067390395035,1.3959629552918495,3.1933353936473514
390,24.7612499587377,1.3620311651421817,3.332093853053587
391,24.24857458362179,1.3474066463765362,3.304041929444848
392,24.06297645155023,1.3576385676213323,3.3568554730465237
393,24.78551966008912,1.3220804391506344,3.3635483839135842
394,24.63741524743229,1.2602543320227846,3.461150188484229
395,24.44699106915914,1.25378321242129,3.4892729647878924
396,24.530318706276322,1.2735680107081984,3.515091381715865
397,24.408488292701584,1.246885013820543,3.6494030149961163
398,24.48861600896546,1.22754686605163,3.695585955436703
399,25.3173319887234,1.2441565094900078,3.64128441813521
400,25.341294535316546,1.2584123374499432,3.6246258033166097
401,25.475688853925554,1.2566090040978042,3.653194672642574
402,24.915311408545822,1.2465246653705266,3.633593861674358
403,24.962583354288473,1.2532715160138626,3.668888042407451
404,24.300006309745783,1.170850273377781,3.7832744965755647
405,24.956844305403,1.1770073778003964,3.853607642243893
406,24.85239923625074,1.127427576299713,3.920624786308496
407,24.524342155484636,1.104071814184202,3.8944061672302372
408,25.25252646274635,1.1200823519823828,3.9724699730383954
409,24.67715775914644,1.1075874279392108,4.058347610636513
410,25.218705041311047,1.1128192645827346,4.096343315367161
411,25.328260673121637,1.1081898879684706,4.015799101873093
412,24.870972707728303,1.0955560747687811,4.001446026002078
413,24.827128742705195,1.0990561164166475,4.00181925721693
414,25.249277752671603,1.108115975229134,4.004703444049975
415,25.025751052708173,1.1026693324135541,4.0369867684132625
416,25.09326543164373,1.081346277200573,4.047596130403807
417,24.553703184506272,1.0772985757911362,3.963897204704166
418,24.629017094379723,1.076402556678231,3.994930316278733
419,25.311554282383973,1.0856213945907014,4.0283972378621735
420,26.103331091118626,1.0915039467157286,4.128198775657376
421,26.053066129148434,1.1129336000033399,4.186746860217974
422,26.382269658727562,1.1323174422056395,4.231543675761329
423,25.8155703526936,1.1148072309878287,4.230095981980476
424,25.776721946426626,1.0974711419037968,4.215895436313536
425,25.935628563847228,1.0723359657759248,4.207959598128452
426,25.90518437552123,1.06801822855883,4.166605500819543
427,25.80385622691901,1.0742896604756094,4.14346624717505
428,25.689783428397803,1.081476512240917,4.063646384527487
429,25.97668182557802,1.0809070292903993,4.065071407057727
430,26.73872432405848,1.0788670537880534,4.029045612763231
431,27.448598074559996,1.091991131761011,4.021263746146163
432,26.648804777709636,1.0700994029165876,3.9457564755490084
433,26.501200044284897,1.0725000833195357,3.863323955785497
434,26.583862157525267,1.0651670596497065,3.8732053433949245
435,26.34621822004245,1.0591119730653629,3.835658921438822
436,25.76596956674295,1.0527796979138588,3.847398693675917
437,25.421732161045178,1.054608600571039,3.9235765924206634
438,25.384182776211887,1.0650587143771755,3.9205521487503834
439,25.69284769634973,1.07288643849273,4.014800567687222
440,25.32885559287759,1.0763051831160468,4.030690984391382
441,26.148608070735072,1.1088800017525628,4.14048126199099
442,26.953050406232062,1.1194918551710245,4.167121995583257
443,26.258172629960224,1.131283128459136,4.21326160080743
444,26.27603444310996,1.1274619294638828,4.268921246158513
445,26.0628465716073,1.082865691849812,4.225904275953679
446,26.21755636905337,1.1066498143958898,4.234442078542462
447,27.732726598845325,1.1339996163200763,4.188530063200919
448,26.904507643787362,1.1049893412457772,4.165967948792788
449,26.70584329722637,1.0918584364246373,4.118424913025553
450,27.123864667662083,1.0948745601768117,4.164078439537127
451,27.07866695594754,1.0828761818887729,4.123941736135499
452,26.010126870301463,1.0836393115313059,4.124568098043338
453,25.471340404661323,1.0496927664661282,4.117763445022015
454,25.85258816540667,1.0624988784015068,4.071539066706931
455,25.914696322623957,1.0601751735378944,3.980441866004222
456,25.581769371731085,1.0723503638393164,4.0166257764915345
457,26.60524050928644,1.0706693122047448,4.0072429597188854
458,26.558415607624323,1.0849218986789606,4.024552923824078
459,27.317121598582858,1.1045473925538376,4.04505715397893
460,26.05729382584649,1.0844200068836007,3.98035651533361
461,26.569447832614,1.1083286670708863,3.9917788457870147
462,26.52249693869821,1.097187153474839,4.051407643375264
463,25.854727268658415,1.0925686914480361,4.053069387691254
464,24.64992101267383,1.050711644631314,4.067137034201944
465,24.370307877297336,0.9977234936101899,4.0487521757531955
466,24.146688879787934,0.991415212646837,4.029766509386494
467,24.4621904597474,1.030028958773139,3.9783817536862918
468,23.85667583308752,1.0184607122059683,3.8985446498882608
469,23.9792954538716,0.9985215924060687,3.823940764195114
470,24.103730718415232,1.0132820630310855,3.7681268613252223
471,24.56943487802285,0.9984024566507524,3.70920806830439
472,24.3783338266198,0.9737338390162109,3.6873162122397454
473,25.307934914633414,0.9923369348261134,3.6039877736890276
474,25.19134595221786,1.0211046320099548,3.6397851146426756
475,25.105408187559664,1.0158393477098762,3.614301485120508
476,24.928378767715092,0.9882091144619088,3.642015689710191
477,25.345318655599762,1.0050958853409493,3.6867013927522048
478,25.466157046664172,1.0156148031793544,3.7263970718173143
479,24.326073844030365,1.0006736110454517,3.781437848785254
480,24.38044204929196,1.0097888626498248,3.787546586453233
481,24.586286583315783,1.0152993133610833,3.853354730610651
482,25.09741460564222,1.0226016222142802,3.9850252492808487
483,25.010421414619998,1.0428720554882338,3.988714468773158
484,25.0164906157247,1.0325268022949443,4.050006874265301
485,24.40517337206997,1.00527600957439,4.1038578283000895
486,24.523086736612274,1.0043529979789219,4.145059344244736
487,24.771792438745656,1.0033515846572871,4.222308841937094
488,24.53972522182104,0.9825925008532185,4.271289537809857
489,24.608309315284792,1.0065471984970877,4.200712354555299
490,24.742256412832646,1.0050015817165536,4.250461134237985
491,24.903629104659643,1.0051061926877165,4.158226461606897
492,25.223080768175308,1.0089899915749458,4.223341038524316
493,26.0161976481244,1.0358504646280136,4.0736926358551955
494,25.576015977223655,1.0559454998655808,4.125394288973051
495,25.271699669700546,1.0096700672516052,4.1516213745609605
496,26.00488162642631,1.0204358839236585,4.172500319808984
497,26.180835736066175,1.0245607957005616,4.247252227860707
498,25.620793097858513,0.9775784080161634,4.237943826132284
499,24.264166796585002,0.9323399366996632,4.164174876824574
500,23.99594447073216,0.9228234470844315,4.128027414124166
501,23.85593801893086,0.9234834939633753,4.158786715751524
502,23.90734869855249,0.9551045846114782,4.149876305066727
503,23.66809884040685,0.9565742917420067,4.160021893532371
504,24.21986986167894,0.9550044549707007,4.104595145530146
505,24.12545071659666,0.9535315872565567,4.077295152480182
506,24.18107953275012,0.957740510779191,4.065946353950309
507,24.310911310223247,0.975074594222728,4.054629632245519
508,24.046975098423623,0.9804604365672176,4.082903015022777
509,24.13038460633814,0.9827915627896687,4.177000230389388
510,24.328168127913585,0.9948827281415868,4.252274801911524
511,24.264714546695632,0.990435734630683,4.364773224099466
512,23.94919380308023,0.9954591618858207,4.338939125753616
513,24.12496650810783,0.9915821544235629,4.198066289687866
514,23.559353948964006,0.9634052658316865,4.175258255603941
515,24.09804576687579,0.9812644397667813,4.2320226759647825
516,22.81493183345993,0.9501485709088887,4.2955781364002785
517,24.010456034281166,0.9516057339003156,4.403085226032184
518,25.500053865485903,0.9794676669776062,4.441850781573015
519,24.477982985989847,0.9870217792606426,4.335686905526157
520,23.805797195801688,0.9941105243095067,4.225302865439831
521,24.20418243070338,0.9984685979189255,4.286919021985748
522,24.368220618340356,1.0097595383512172,4.213791421553109
523,25.205916221799146,1.0413287723464473,4.3356265995998715
524,24.755155505848062,0.9861848572365901,4.424276177877699
525,25.247256823262553,1.0100185801144062,4.431787398957987
526,25.63080995832267,1.017904645364287,4.360778716056445
527,26.116851389573828,1.0364706234597258,4.447981816452786
528,25.17209256943473,1.0616494623390162,4.3343542397341395
529,24.904278336415683,1.0815170864578838,4.398293721013689
530,25.845892791112632,1.096080838251049,4.36761729503742
531,25.77069210273555,1.0885291370412697,4.466093874798411
532,26.249353304479854,1.0778182291131242,4.483108164598521
533,26.721200110052255,1.0901114918031891,4.454218865110832
534,26.24403985029453,1.0913251660286185,4.449478422384289
535,26.19383708000601,1.0664392718557238,4.31489021600514
536,26.275615831753885,1.0483753290163789,4.256376314200952
537,25.618030526742885,1.0586048929930636,4.2980719872841355
538,25.45800588677774,1.067718896589348,4.401962903484559
539,25.473830150951716,1.0876607860549359,4.481868909479669
540,24.14851953426383,1.095401548823445,4.3262579934712875
541,24.35912967103897,1.1198756679997481,4.147200749053371
542,23.71711236725177,1.167076314953664,4.1243115197213545
543,23.292221898915564,1.1739949109133232,4.135278610665085
544,23.346418909982468,1.190943368929487,4.045954795786891
545,24.429310169290968,1.2026519184737121,4.076189706578703
546,24.544566498986775,1.1860334504125138,4.056895994788395
547,24.469174234575817,1.1376318626250344,4.069943163439822
548,24.723195086426674,1.1631251056838086,4.054569792664745
549,23.682793038048324,1.0906404790644078,3.9963389379802425
550,23.662998122747403,1.0686032322807895,3.9849038011912956
551,24.55234975755419,1.0861226563156055,4.09990311695586
552,25.018298845752444,1.07599068999554,4.083262537635213
553,25.887540806040825,1.0902566207581263,4.016075466673056
554,25.70209620068224,1.0381788297449805,4.113644873715125
555,26.13000489148109,1.0506307579337484,4.187361025419212
556,25.888937036093193,1.0648181178811158,4.1183642296331096
557,26.15140759324156,1.0877955654318383,4.088480800851414
558,27.061036167937726,1.0923358056637602,4.14758500002969
559,27.144006391868647,1.0760836956026572,4.155825603122271
560,27.58557723396108,1.082913369942076,4.224868012477391
561,26.429383413994476,1.0972727930438932,4.178269836360456
562,26.042720017707058,1.1467364736182795,4.079492835162107
563,25.841458752851977,1.1747426263690408,4.0804070237360515
564,25.718370297245848,1.2091331341585894,4.007864234984112
565,25.542156227218555,1.1931347858038477,4.035518108171615
566,24.91828148905729,1.2223580810747525,3.920116382635767
567,24.659303430048396,1.226297130939868,3.8379898081844903
568,24.797048265801525,1.2538107931932887,3.758801434690914
569,24.45645029622085,1.2456981356712138,3.7952956820216563
570,24.675757221028167,1.2287371636631677,3.8154282715732464
571,25.12628894359751,1.238734597839413,3.837768542723511
572,24.62452484042102,1.2253079737774895,3.825142379507547
573,25.58212175836881,1.2328916671467287,3.857351031471481
574,25.83556321690227,1.2218856385120593,3.9099065999809235
575,24.728574862244322,1.171727917996267,3.9188410447192963
576,24.273938535740857,1.1655658577165167,3.9157356609255274
577,24.97100314402363,1.1638649357185737,3.9870552762938685
578,24.66760873389303,1.1728059883832702,4.006824699852929
579,24.431974322826996,1.1356099071157502,4.179335565763503
580,24.654751697179474,1.1211453367757522,4.393943427688057
581,24.54212870398652,1.1030667124588442,4.386783737797381
582,24.52905764748676,1.0859443236054203,4.453299381485844
583,24.528418089852316,1.0766283671104806,4.483349810039384
584,24.2184106992075,1.0572530118068555,4.449382071965994
585,24.491786485076155,1.0353623801345573,4.4869139391549036
586,24.370176257581253,0.988242623929952,4.572053598705556
587,23.990552753500292,0.9710499810101287,4.814191039787903
588,24.32037877925646,0.9723125693097076,4.901600237555375
589,24.574080506355465,0.9673222817570497,4.888439583582877
590,25.20003875629966,0.9702240748887928,4.901721434395413
591,25.065326319173256,0.9628579189645516,4.8655782512620895
592,24.319532931541822,0.9385879685446777,4.986121195120667
593,23.077209047193694,0.9376085616831279,4.8698752981293705
594,22.674298636050903,0.9458857346175044,4.852379710354066
595,22.56892424560929,0.9435543091353059,4.802143163365814
596,22.164758005030237,0.9319259978499268,4.952875320997788
597,21.80289138603294,0.9375731960886935,4.913657281230089
598,22.52520392068154,0.9365674813529308,5.025983189705725
599,22.98259387807142,0.924279119050019,4.981715631963674
600,23.145531860106058,0.9283092653844669,4.895145963716908
601,23.892058459344952,0.9190127405619266,4.957904041366459
602,22.87418071405293,0.9481919554426396,4.762978237452218
603,23.372104085516995,0.9528666383575077,4.729348958325884
604,23.411316231693263,0.9638154646658559,4.704517027572887
605,23.196767453029132,0.9724244047215382,4.461376714179009
606,23.291039510253803,0.9810829941536598,4.423878316239579
607,23.959799427635478,0.9726311378889579,4.535879931227609
608,24.044031281635082,0.964319563142535,4.481483026611385
609,24.10686041800926,0.9633198551143912,4.391168602721011
610,24.359419726816164,0.9688018496018554,4.414972239636124
611,23.582236956171297,0.9883940930469188,4.25436571213552
612,24.226428667027477,0.988841593697576,4.3891072467893455
613,25.02168562367046,0.9880499422472185,4.465360880015897
614,24.596914661905593,0.9935217011402945,4.346174282531836
615,23.212107020090976,0.9892116951224175,4.231436531896644
616,22.507992698480848,1.0038328008927535,4.1228165157421035
617,22.815382778937657,0.9949262329372535,4.126518018788385
618,22.466092647018293,0.9977954086394495,4.116679035210309
619,23.33716145989873,1.0065207242809107,4.1957886574686265
620,23.638668805147308,1.0248213169004257,4.201564130599144
621,24.092125478113683,1.0374771237344795,4.1961401929861735
622,23.467496481873212,1.0212228201020754,4.226132673984488
623,23.199991286126934,1.0374864571704772,4.4012704909530385
624,22.96113781784298,1.044566429991939,4.352758673460277
625,22.817010366887857,1.0572133993676387,4.398818861671836
626,22.908354774454086,1.0480742241270253,4.472530406827742
627,23.400134874476425,1.0364275750017413,4.463828762326913
628,23.42690752339691,1.0232173834409124,4.522623563008272
629,23.50160566431371,1.0139692710147792,4.604762948388578
630,22.434164529470475,1.0219504146001768,4.466833077259729
631,23.01553303738641,1.0281091931345867,4.495974035366757
632,23.689287228719266,1.0495974655759484,4.6463456652517605
633,22.869579418873837,1.0415719479651098,4.426580309462525
634,22.876786132896374,1.0608583900114377,4.423154963717738
635,22.936435658585378,1.0647152476132884,4.385381992402862
636,23.099271873588744,1.0662504962507002,4.317920721329491
637,22.239423233321247,1.0839316291441659,4.126705185101489
638,21.660284714177603,1.0735406353236543,4.209947811436504
639,21.715374804653866,1.0726719414248984,4.109898962577996
640,20.853947534931933,1.0773522148015446,3.9663449874224748
641,20.97884450640327,1.0549656513108525,3.9833658639232055
642,21.9985874853988,1.0430775269572423,4.1202849045834125
643,22.103634416858572,1.0283784495310286,4.118762623125756
644,21.819528553040016,1.0272016489510247,4.054840365097876
645,22.708596848295908,1.0252038797117857,4.059575712255144
646,23.439283122113896,1.039253799216049,4.129077813792664
647,24.451622731066323,1.0377111514814117,4.2485525572805765
648,25.353752346937675,1.0414229870367155,4.457897709565225
649,26.06959620414623,1.0435294290974868,4.4898979036294735
650,25.825646142415703,1.054940008386311,4.51521634043413
651,25.693920303708676,1.0524198411833168,4.573166760040943
652,25.405648615882615,1.0591939475786125,4.518747649016976
